[
  {
    "name": "Application Start",
    "start": 1579789560537,
    "end": 1579789560819,
    "duration": 282,
    "pid": 22192,
    "index": 0
  },
  {
    "name": "Load Plugin",
    "start": 1579789560540,
    "end": 1579789560553,
    "duration": 13,
    "pid": 22192,
    "index": 1
  },
  {
    "name": "Load Config",
    "start": 1579789560553,
    "end": 1579789560570,
    "duration": 17,
    "pid": 22192,
    "index": 2
  },
  {
    "name": "Require(0) config/config.default.js",
    "start": 1579789560554,
    "end": 1579789560554,
    "duration": 0,
    "pid": 22192,
    "index": 3
  },
  {
    "name": "Require(1) node_modules/egg-session/config/config.default.js",
    "start": 1579789560555,
    "end": 1579789560556,
    "duration": 1,
    "pid": 22192,
    "index": 4
  },
  {
    "name": "Require(2) node_modules/egg-security/config/config.default.js",
    "start": 1579789560556,
    "end": 1579789560556,
    "duration": 0,
    "pid": 22192,
    "index": 5
  },
  {
    "name": "Require(3) node_modules/egg-jsonp/config/config.default.js",
    "start": 1579789560557,
    "end": 1579789560557,
    "duration": 0,
    "pid": 22192,
    "index": 6
  },
  {
    "name": "Require(4) node_modules/egg-onerror/config/config.default.js",
    "start": 1579789560558,
    "end": 1579789560558,
    "duration": 0,
    "pid": 22192,
    "index": 7
  },
  {
    "name": "Require(5) node_modules/egg-i18n/config/config.default.js",
    "start": 1579789560558,
    "end": 1579789560559,
    "duration": 1,
    "pid": 22192,
    "index": 8
  },
  {
    "name": "Require(6) node_modules/egg-watcher/config/config.default.js",
    "start": 1579789560559,
    "end": 1579789560560,
    "duration": 1,
    "pid": 22192,
    "index": 9
  },
  {
    "name": "Require(7) node_modules/egg-schedule/config/config.default.js",
    "start": 1579789560560,
    "end": 1579789560560,
    "duration": 0,
    "pid": 22192,
    "index": 10
  },
  {
    "name": "Require(8) node_modules/egg-multipart/config/config.default.js",
    "start": 1579789560561,
    "end": 1579789560561,
    "duration": 0,
    "pid": 22192,
    "index": 11
  },
  {
    "name": "Require(9) node_modules/egg-development/config/config.default.js",
    "start": 1579789560561,
    "end": 1579789560562,
    "duration": 1,
    "pid": 22192,
    "index": 12
  },
  {
    "name": "Require(10) node_modules/egg-logrotator/config/config.default.js",
    "start": 1579789560562,
    "end": 1579789560562,
    "duration": 0,
    "pid": 22192,
    "index": 13
  },
  {
    "name": "Require(11) node_modules/egg-static/config/config.default.js",
    "start": 1579789560563,
    "end": 1579789560563,
    "duration": 0,
    "pid": 22192,
    "index": 14
  },
  {
    "name": "Require(12) node_modules/egg-view/config/config.default.js",
    "start": 1579789560563,
    "end": 1579789560564,
    "duration": 1,
    "pid": 22192,
    "index": 15
  },
  {
    "name": "Require(13) node_modules/egg/config/config.default.js",
    "start": 1579789560564,
    "end": 1579789560565,
    "duration": 1,
    "pid": 22192,
    "index": 16
  },
  {
    "name": "Require(14) config/config.default.js",
    "start": 1579789560566,
    "end": 1579789560566,
    "duration": 0,
    "pid": 22192,
    "index": 17
  },
  {
    "name": "Require(15) node_modules/egg-security/config/config.local.js",
    "start": 1579789560566,
    "end": 1579789560567,
    "duration": 1,
    "pid": 22192,
    "index": 18
  },
  {
    "name": "Require(16) node_modules/egg-watcher/config/config.local.js",
    "start": 1579789560568,
    "end": 1579789560568,
    "duration": 0,
    "pid": 22192,
    "index": 19
  },
  {
    "name": "Require(17) node_modules/egg-view/config/config.local.js",
    "start": 1579789560569,
    "end": 1579789560569,
    "duration": 0,
    "pid": 22192,
    "index": 20
  },
  {
    "name": "Require(18) node_modules/egg/config/config.local.js",
    "start": 1579789560569,
    "end": 1579789560570,
    "duration": 1,
    "pid": 22192,
    "index": 21
  },
  {
    "name": "Load extend/application.js",
    "start": 1579789560571,
    "end": 1579789560580,
    "duration": 9,
    "pid": 22192,
    "index": 22
  },
  {
    "name": "Require(19) node_modules/egg-session/app/extend/application.js",
    "start": 1579789560571,
    "end": 1579789560571,
    "duration": 0,
    "pid": 22192,
    "index": 23
  },
  {
    "name": "Require(20) node_modules/egg-security/app/extend/application.js",
    "start": 1579789560572,
    "end": 1579789560573,
    "duration": 1,
    "pid": 22192,
    "index": 24
  },
  {
    "name": "Require(21) node_modules/egg-jsonp/app/extend/application.js",
    "start": 1579789560573,
    "end": 1579789560574,
    "duration": 1,
    "pid": 22192,
    "index": 25
  },
  {
    "name": "Require(22) node_modules/egg-logrotator/app/extend/application.js",
    "start": 1579789560575,
    "end": 1579789560577,
    "duration": 2,
    "pid": 22192,
    "index": 26
  },
  {
    "name": "Require(23) node_modules/egg-view/app/extend/application.js",
    "start": 1579789560577,
    "end": 1579789560578,
    "duration": 1,
    "pid": 22192,
    "index": 27
  },
  {
    "name": "Load extend/request.js",
    "start": 1579789560580,
    "end": 1579789560585,
    "duration": 5,
    "pid": 22192,
    "index": 28
  },
  {
    "name": "Require(24) node_modules/egg/app/extend/request.js",
    "start": 1579789560582,
    "end": 1579789560583,
    "duration": 1,
    "pid": 22192,
    "index": 29
  },
  {
    "name": "Load extend/response.js",
    "start": 1579789560585,
    "end": 1579789560592,
    "duration": 7,
    "pid": 22192,
    "index": 30
  },
  {
    "name": "Require(25) node_modules/egg/app/extend/response.js",
    "start": 1579789560588,
    "end": 1579789560590,
    "duration": 2,
    "pid": 22192,
    "index": 31
  },
  {
    "name": "Load extend/context.js",
    "start": 1579789560592,
    "end": 1579789560638,
    "duration": 46,
    "pid": 22192,
    "index": 32
  },
  {
    "name": "Require(26) node_modules/egg-security/app/extend/context.js",
    "start": 1579789560592,
    "end": 1579789560601,
    "duration": 9,
    "pid": 22192,
    "index": 33
  },
  {
    "name": "Require(27) node_modules/egg-jsonp/app/extend/context.js",
    "start": 1579789560601,
    "end": 1579789560602,
    "duration": 1,
    "pid": 22192,
    "index": 34
  },
  {
    "name": "Require(28) node_modules/egg-i18n/app/extend/context.js",
    "start": 1579789560602,
    "end": 1579789560603,
    "duration": 1,
    "pid": 22192,
    "index": 35
  },
  {
    "name": "Require(29) node_modules/egg-multipart/app/extend/context.js",
    "start": 1579789560603,
    "end": 1579789560633,
    "duration": 30,
    "pid": 22192,
    "index": 36
  },
  {
    "name": "Require(30) node_modules/egg-view/app/extend/context.js",
    "start": 1579789560633,
    "end": 1579789560635,
    "duration": 2,
    "pid": 22192,
    "index": 37
  },
  {
    "name": "Require(31) node_modules/egg/app/extend/context.js",
    "start": 1579789560635,
    "end": 1579789560636,
    "duration": 1,
    "pid": 22192,
    "index": 38
  },
  {
    "name": "Load extend/helper.js",
    "start": 1579789560638,
    "end": 1579789560659,
    "duration": 21,
    "pid": 22192,
    "index": 39
  },
  {
    "name": "Require(32) node_modules/egg-security/app/extend/helper.js",
    "start": 1579789560638,
    "end": 1579789560655,
    "duration": 17,
    "pid": 22192,
    "index": 40
  },
  {
    "name": "Require(33) node_modules/egg/app/extend/helper.js",
    "start": 1579789560656,
    "end": 1579789560657,
    "duration": 1,
    "pid": 22192,
    "index": 41
  },
  {
    "name": "Load app.js",
    "start": 1579789560659,
    "end": 1579789560694,
    "duration": 35,
    "pid": 22192,
    "index": 42
  },
  {
    "name": "Require(34) node_modules/egg-session/app.js",
    "start": 1579789560659,
    "end": 1579789560659,
    "duration": 0,
    "pid": 22192,
    "index": 43
  },
  {
    "name": "Require(35) node_modules/egg-security/app.js",
    "start": 1579789560660,
    "end": 1579789560661,
    "duration": 1,
    "pid": 22192,
    "index": 44
  },
  {
    "name": "Require(36) node_modules/egg-onerror/app.js",
    "start": 1579789560661,
    "end": 1579789560668,
    "duration": 7,
    "pid": 22192,
    "index": 45
  },
  {
    "name": "Require(37) node_modules/egg-i18n/app.js",
    "start": 1579789560668,
    "end": 1579789560682,
    "duration": 14,
    "pid": 22192,
    "index": 46
  },
  {
    "name": "Require(38) node_modules/egg-watcher/app.js",
    "start": 1579789560682,
    "end": 1579789560688,
    "duration": 6,
    "pid": 22192,
    "index": 47
  },
  {
    "name": "Require(39) node_modules/egg-schedule/app.js",
    "start": 1579789560688,
    "end": 1579789560689,
    "duration": 1,
    "pid": 22192,
    "index": 48
  },
  {
    "name": "Require(40) node_modules/egg-multipart/app.js",
    "start": 1579789560689,
    "end": 1579789560692,
    "duration": 3,
    "pid": 22192,
    "index": 49
  },
  {
    "name": "Require(41) node_modules/egg-development/app.js",
    "start": 1579789560692,
    "end": 1579789560692,
    "duration": 0,
    "pid": 22192,
    "index": 50
  },
  {
    "name": "Require(42) node_modules/egg-logrotator/app.js",
    "start": 1579789560692,
    "end": 1579789560693,
    "duration": 1,
    "pid": 22192,
    "index": 51
  },
  {
    "name": "Require(43) node_modules/egg-static/app.js",
    "start": 1579789560693,
    "end": 1579789560693,
    "duration": 0,
    "pid": 22192,
    "index": 52
  },
  {
    "name": "Before Start in node_modules/egg-watcher/lib/init.js:15:14",
    "start": 1579789560703,
    "end": 1579789560819,
    "duration": 116,
    "pid": 22192,
    "index": 53
  },
  {
    "name": "Load Service",
    "start": 1579789560726,
    "end": 1579789560729,
    "duration": 3,
    "pid": 22192,
    "index": 54
  },
  {
    "name": "Load \"service\" to Context",
    "start": 1579789560726,
    "end": 1579789560729,
    "duration": 3,
    "pid": 22192,
    "index": 55
  },
  {
    "name": "Load Middleware",
    "start": 1579789560729,
    "end": 1579789560802,
    "duration": 73,
    "pid": 22192,
    "index": 56
  },
  {
    "name": "Load \"middlewares\" to Application",
    "start": 1579789560729,
    "end": 1579789560795,
    "duration": 66,
    "pid": 22192,
    "index": 57
  },
  {
    "name": "Load Controller",
    "start": 1579789560802,
    "end": 1579789560804,
    "duration": 2,
    "pid": 22192,
    "index": 58
  },
  {
    "name": "Load \"controller\" to Application",
    "start": 1579789560802,
    "end": 1579789560804,
    "duration": 2,
    "pid": 22192,
    "index": 59
  },
  {
    "name": "Load Router",
    "start": 1579789560804,
    "end": 1579789560805,
    "duration": 1,
    "pid": 22192,
    "index": 60
  },
  {
    "name": "Require(44) app/router.js",
    "start": 1579789560804,
    "end": 1579789560804,
    "duration": 0,
    "pid": 22192,
    "index": 61
  },
  {
    "name": "Before Start in node_modules/egg-core/lib/egg.js:303:10",
    "start": 1579789560804,
    "end": 1579789560811,
    "duration": 7,
    "pid": 22192,
    "index": 62
  }
]