[
  {
    "name": "Application Start",
    "start": 1579789635643,
    "end": 1579789635933,
    "duration": 290,
    "pid": 23496,
    "index": 0
  },
  {
    "name": "Load Plugin",
    "start": 1579789635646,
    "end": 1579789635657,
    "duration": 11,
    "pid": 23496,
    "index": 1
  },
  {
    "name": "Load Config",
    "start": 1579789635657,
    "end": 1579789635673,
    "duration": 16,
    "pid": 23496,
    "index": 2
  },
  {
    "name": "Require(0) config/config.default.js",
    "start": 1579789635658,
    "end": 1579789635658,
    "duration": 0,
    "pid": 23496,
    "index": 3
  },
  {
    "name": "Require(1) node_modules/egg-session/config/config.default.js",
    "start": 1579789635659,
    "end": 1579789635659,
    "duration": 0,
    "pid": 23496,
    "index": 4
  },
  {
    "name": "Require(2) node_modules/egg-security/config/config.default.js",
    "start": 1579789635660,
    "end": 1579789635660,
    "duration": 0,
    "pid": 23496,
    "index": 5
  },
  {
    "name": "Require(3) node_modules/egg-jsonp/config/config.default.js",
    "start": 1579789635661,
    "end": 1579789635661,
    "duration": 0,
    "pid": 23496,
    "index": 6
  },
  {
    "name": "Require(4) node_modules/egg-onerror/config/config.default.js",
    "start": 1579789635661,
    "end": 1579789635662,
    "duration": 1,
    "pid": 23496,
    "index": 7
  },
  {
    "name": "Require(5) node_modules/egg-i18n/config/config.default.js",
    "start": 1579789635662,
    "end": 1579789635662,
    "duration": 0,
    "pid": 23496,
    "index": 8
  },
  {
    "name": "Require(6) node_modules/egg-watcher/config/config.default.js",
    "start": 1579789635663,
    "end": 1579789635663,
    "duration": 0,
    "pid": 23496,
    "index": 9
  },
  {
    "name": "Require(7) node_modules/egg-schedule/config/config.default.js",
    "start": 1579789635663,
    "end": 1579789635664,
    "duration": 1,
    "pid": 23496,
    "index": 10
  },
  {
    "name": "Require(8) node_modules/egg-multipart/config/config.default.js",
    "start": 1579789635664,
    "end": 1579789635664,
    "duration": 0,
    "pid": 23496,
    "index": 11
  },
  {
    "name": "Require(9) node_modules/egg-development/config/config.default.js",
    "start": 1579789635665,
    "end": 1579789635665,
    "duration": 0,
    "pid": 23496,
    "index": 12
  },
  {
    "name": "Require(10) node_modules/egg-logrotator/config/config.default.js",
    "start": 1579789635665,
    "end": 1579789635666,
    "duration": 1,
    "pid": 23496,
    "index": 13
  },
  {
    "name": "Require(11) node_modules/egg-static/config/config.default.js",
    "start": 1579789635666,
    "end": 1579789635666,
    "duration": 0,
    "pid": 23496,
    "index": 14
  },
  {
    "name": "Require(12) node_modules/egg-view/config/config.default.js",
    "start": 1579789635667,
    "end": 1579789635667,
    "duration": 0,
    "pid": 23496,
    "index": 15
  },
  {
    "name": "Require(13) node_modules/egg/config/config.default.js",
    "start": 1579789635667,
    "end": 1579789635668,
    "duration": 1,
    "pid": 23496,
    "index": 16
  },
  {
    "name": "Require(14) config/config.default.js",
    "start": 1579789635669,
    "end": 1579789635669,
    "duration": 0,
    "pid": 23496,
    "index": 17
  },
  {
    "name": "Require(15) node_modules/egg-security/config/config.local.js",
    "start": 1579789635669,
    "end": 1579789635670,
    "duration": 1,
    "pid": 23496,
    "index": 18
  },
  {
    "name": "Require(16) node_modules/egg-watcher/config/config.local.js",
    "start": 1579789635670,
    "end": 1579789635671,
    "duration": 1,
    "pid": 23496,
    "index": 19
  },
  {
    "name": "Require(17) node_modules/egg-view/config/config.local.js",
    "start": 1579789635672,
    "end": 1579789635672,
    "duration": 0,
    "pid": 23496,
    "index": 20
  },
  {
    "name": "Require(18) node_modules/egg/config/config.local.js",
    "start": 1579789635672,
    "end": 1579789635673,
    "duration": 1,
    "pid": 23496,
    "index": 21
  },
  {
    "name": "Load extend/application.js",
    "start": 1579789635674,
    "end": 1579789635683,
    "duration": 9,
    "pid": 23496,
    "index": 22
  },
  {
    "name": "Require(19) node_modules/egg-session/app/extend/application.js",
    "start": 1579789635674,
    "end": 1579789635674,
    "duration": 0,
    "pid": 23496,
    "index": 23
  },
  {
    "name": "Require(20) node_modules/egg-security/app/extend/application.js",
    "start": 1579789635675,
    "end": 1579789635676,
    "duration": 1,
    "pid": 23496,
    "index": 24
  },
  {
    "name": "Require(21) node_modules/egg-jsonp/app/extend/application.js",
    "start": 1579789635676,
    "end": 1579789635677,
    "duration": 1,
    "pid": 23496,
    "index": 25
  },
  {
    "name": "Require(22) node_modules/egg-logrotator/app/extend/application.js",
    "start": 1579789635678,
    "end": 1579789635679,
    "duration": 1,
    "pid": 23496,
    "index": 26
  },
  {
    "name": "Require(23) node_modules/egg-view/app/extend/application.js",
    "start": 1579789635680,
    "end": 1579789635681,
    "duration": 1,
    "pid": 23496,
    "index": 27
  },
  {
    "name": "Load extend/request.js",
    "start": 1579789635683,
    "end": 1579789635688,
    "duration": 5,
    "pid": 23496,
    "index": 28
  },
  {
    "name": "Require(24) node_modules/egg/app/extend/request.js",
    "start": 1579789635685,
    "end": 1579789635686,
    "duration": 1,
    "pid": 23496,
    "index": 29
  },
  {
    "name": "Load extend/response.js",
    "start": 1579789635688,
    "end": 1579789635694,
    "duration": 6,
    "pid": 23496,
    "index": 30
  },
  {
    "name": "Require(25) node_modules/egg/app/extend/response.js",
    "start": 1579789635689,
    "end": 1579789635691,
    "duration": 2,
    "pid": 23496,
    "index": 31
  },
  {
    "name": "Load extend/context.js",
    "start": 1579789635694,
    "end": 1579789635740,
    "duration": 46,
    "pid": 23496,
    "index": 32
  },
  {
    "name": "Require(26) node_modules/egg-security/app/extend/context.js",
    "start": 1579789635694,
    "end": 1579789635701,
    "duration": 7,
    "pid": 23496,
    "index": 33
  },
  {
    "name": "Require(27) node_modules/egg-jsonp/app/extend/context.js",
    "start": 1579789635701,
    "end": 1579789635702,
    "duration": 1,
    "pid": 23496,
    "index": 34
  },
  {
    "name": "Require(28) node_modules/egg-i18n/app/extend/context.js",
    "start": 1579789635703,
    "end": 1579789635703,
    "duration": 0,
    "pid": 23496,
    "index": 35
  },
  {
    "name": "Require(29) node_modules/egg-multipart/app/extend/context.js",
    "start": 1579789635704,
    "end": 1579789635734,
    "duration": 30,
    "pid": 23496,
    "index": 36
  },
  {
    "name": "Require(30) node_modules/egg-view/app/extend/context.js",
    "start": 1579789635735,
    "end": 1579789635737,
    "duration": 2,
    "pid": 23496,
    "index": 37
  },
  {
    "name": "Require(31) node_modules/egg/app/extend/context.js",
    "start": 1579789635737,
    "end": 1579789635738,
    "duration": 1,
    "pid": 23496,
    "index": 38
  },
  {
    "name": "Load extend/helper.js",
    "start": 1579789635740,
    "end": 1579789635761,
    "duration": 21,
    "pid": 23496,
    "index": 39
  },
  {
    "name": "Require(32) node_modules/egg-security/app/extend/helper.js",
    "start": 1579789635741,
    "end": 1579789635757,
    "duration": 16,
    "pid": 23496,
    "index": 40
  },
  {
    "name": "Require(33) node_modules/egg/app/extend/helper.js",
    "start": 1579789635759,
    "end": 1579789635759,
    "duration": 0,
    "pid": 23496,
    "index": 41
  },
  {
    "name": "Load app.js",
    "start": 1579789635761,
    "end": 1579789635793,
    "duration": 32,
    "pid": 23496,
    "index": 42
  },
  {
    "name": "Require(34) node_modules/egg-session/app.js",
    "start": 1579789635761,
    "end": 1579789635762,
    "duration": 1,
    "pid": 23496,
    "index": 43
  },
  {
    "name": "Require(35) node_modules/egg-security/app.js",
    "start": 1579789635762,
    "end": 1579789635763,
    "duration": 1,
    "pid": 23496,
    "index": 44
  },
  {
    "name": "Require(36) node_modules/egg-onerror/app.js",
    "start": 1579789635764,
    "end": 1579789635770,
    "duration": 6,
    "pid": 23496,
    "index": 45
  },
  {
    "name": "Require(37) node_modules/egg-i18n/app.js",
    "start": 1579789635770,
    "end": 1579789635784,
    "duration": 14,
    "pid": 23496,
    "index": 46
  },
  {
    "name": "Require(38) node_modules/egg-watcher/app.js",
    "start": 1579789635784,
    "end": 1579789635787,
    "duration": 3,
    "pid": 23496,
    "index": 47
  },
  {
    "name": "Require(39) node_modules/egg-schedule/app.js",
    "start": 1579789635787,
    "end": 1579789635788,
    "duration": 1,
    "pid": 23496,
    "index": 48
  },
  {
    "name": "Require(40) node_modules/egg-multipart/app.js",
    "start": 1579789635789,
    "end": 1579789635791,
    "duration": 2,
    "pid": 23496,
    "index": 49
  },
  {
    "name": "Require(41) node_modules/egg-development/app.js",
    "start": 1579789635791,
    "end": 1579789635791,
    "duration": 0,
    "pid": 23496,
    "index": 50
  },
  {
    "name": "Require(42) node_modules/egg-logrotator/app.js",
    "start": 1579789635791,
    "end": 1579789635792,
    "duration": 1,
    "pid": 23496,
    "index": 51
  },
  {
    "name": "Require(43) node_modules/egg-static/app.js",
    "start": 1579789635792,
    "end": 1579789635792,
    "duration": 0,
    "pid": 23496,
    "index": 52
  },
  {
    "name": "Before Start in node_modules/egg-watcher/lib/init.js:15:14",
    "start": 1579789635802,
    "end": 1579789635933,
    "duration": 131,
    "pid": 23496,
    "index": 53
  },
  {
    "name": "Load Service",
    "start": 1579789635830,
    "end": 1579789635834,
    "duration": 4,
    "pid": 23496,
    "index": 54
  },
  {
    "name": "Load \"service\" to Context",
    "start": 1579789635830,
    "end": 1579789635834,
    "duration": 4,
    "pid": 23496,
    "index": 55
  },
  {
    "name": "Load Middleware",
    "start": 1579789635834,
    "end": 1579789635910,
    "duration": 76,
    "pid": 23496,
    "index": 56
  },
  {
    "name": "Load \"middlewares\" to Application",
    "start": 1579789635834,
    "end": 1579789635901,
    "duration": 67,
    "pid": 23496,
    "index": 57
  },
  {
    "name": "Load Controller",
    "start": 1579789635910,
    "end": 1579789635912,
    "duration": 2,
    "pid": 23496,
    "index": 58
  },
  {
    "name": "Load \"controller\" to Application",
    "start": 1579789635910,
    "end": 1579789635912,
    "duration": 2,
    "pid": 23496,
    "index": 59
  },
  {
    "name": "Load Router",
    "start": 1579789635912,
    "end": 1579789635913,
    "duration": 1,
    "pid": 23496,
    "index": 60
  },
  {
    "name": "Require(44) app/router.js",
    "start": 1579789635912,
    "end": 1579789635912,
    "duration": 0,
    "pid": 23496,
    "index": 61
  },
  {
    "name": "Before Start in node_modules/egg-core/lib/egg.js:303:10",
    "start": 1579789635912,
    "end": 1579789635926,
    "duration": 14,
    "pid": 23496,
    "index": 62
  }
]