[
  {
    "name": "Application Start",
    "start": 1579789194822,
    "end": 1579789195081,
    "duration": 259,
    "pid": 15596,
    "index": 0
  },
  {
    "name": "Load Plugin",
    "start": 1579789194825,
    "end": 1579789194836,
    "duration": 11,
    "pid": 15596,
    "index": 1
  },
  {
    "name": "Load Config",
    "start": 1579789194836,
    "end": 1579789194851,
    "duration": 15,
    "pid": 15596,
    "index": 2
  },
  {
    "name": "Require(0) config/config.default.js",
    "start": 1579789194836,
    "end": 1579789194836,
    "duration": 0,
    "pid": 15596,
    "index": 3
  },
  {
    "name": "Require(1) node_modules/egg-session/config/config.default.js",
    "start": 1579789194837,
    "end": 1579789194838,
    "duration": 1,
    "pid": 15596,
    "index": 4
  },
  {
    "name": "Require(2) node_modules/egg-security/config/config.default.js",
    "start": 1579789194838,
    "end": 1579789194839,
    "duration": 1,
    "pid": 15596,
    "index": 5
  },
  {
    "name": "Require(3) node_modules/egg-jsonp/config/config.default.js",
    "start": 1579789194839,
    "end": 1579789194839,
    "duration": 0,
    "pid": 15596,
    "index": 6
  },
  {
    "name": "Require(4) node_modules/egg-onerror/config/config.default.js",
    "start": 1579789194840,
    "end": 1579789194840,
    "duration": 0,
    "pid": 15596,
    "index": 7
  },
  {
    "name": "Require(5) node_modules/egg-i18n/config/config.default.js",
    "start": 1579789194840,
    "end": 1579789194841,
    "duration": 1,
    "pid": 15596,
    "index": 8
  },
  {
    "name": "Require(6) node_modules/egg-watcher/config/config.default.js",
    "start": 1579789194841,
    "end": 1579789194842,
    "duration": 1,
    "pid": 15596,
    "index": 9
  },
  {
    "name": "Require(7) node_modules/egg-schedule/config/config.default.js",
    "start": 1579789194842,
    "end": 1579789194842,
    "duration": 0,
    "pid": 15596,
    "index": 10
  },
  {
    "name": "Require(8) node_modules/egg-multipart/config/config.default.js",
    "start": 1579789194843,
    "end": 1579789194843,
    "duration": 0,
    "pid": 15596,
    "index": 11
  },
  {
    "name": "Require(9) node_modules/egg-development/config/config.default.js",
    "start": 1579789194843,
    "end": 1579789194844,
    "duration": 1,
    "pid": 15596,
    "index": 12
  },
  {
    "name": "Require(10) node_modules/egg-logrotator/config/config.default.js",
    "start": 1579789194844,
    "end": 1579789194844,
    "duration": 0,
    "pid": 15596,
    "index": 13
  },
  {
    "name": "Require(11) node_modules/egg-static/config/config.default.js",
    "start": 1579789194845,
    "end": 1579789194845,
    "duration": 0,
    "pid": 15596,
    "index": 14
  },
  {
    "name": "Require(12) node_modules/egg-view/config/config.default.js",
    "start": 1579789194845,
    "end": 1579789194846,
    "duration": 1,
    "pid": 15596,
    "index": 15
  },
  {
    "name": "Require(13) node_modules/egg/config/config.default.js",
    "start": 1579789194846,
    "end": 1579789194846,
    "duration": 0,
    "pid": 15596,
    "index": 16
  },
  {
    "name": "Require(14) config/config.default.js",
    "start": 1579789194848,
    "end": 1579789194848,
    "duration": 0,
    "pid": 15596,
    "index": 17
  },
  {
    "name": "Require(15) node_modules/egg-security/config/config.local.js",
    "start": 1579789194848,
    "end": 1579789194848,
    "duration": 0,
    "pid": 15596,
    "index": 18
  },
  {
    "name": "Require(16) node_modules/egg-watcher/config/config.local.js",
    "start": 1579789194849,
    "end": 1579789194849,
    "duration": 0,
    "pid": 15596,
    "index": 19
  },
  {
    "name": "Require(17) node_modules/egg-view/config/config.local.js",
    "start": 1579789194850,
    "end": 1579789194851,
    "duration": 1,
    "pid": 15596,
    "index": 20
  },
  {
    "name": "Require(18) node_modules/egg/config/config.local.js",
    "start": 1579789194851,
    "end": 1579789194851,
    "duration": 0,
    "pid": 15596,
    "index": 21
  },
  {
    "name": "Load extend/application.js",
    "start": 1579789194852,
    "end": 1579789194861,
    "duration": 9,
    "pid": 15596,
    "index": 22
  },
  {
    "name": "Require(19) node_modules/egg-session/app/extend/application.js",
    "start": 1579789194853,
    "end": 1579789194853,
    "duration": 0,
    "pid": 15596,
    "index": 23
  },
  {
    "name": "Require(20) node_modules/egg-security/app/extend/application.js",
    "start": 1579789194853,
    "end": 1579789194854,
    "duration": 1,
    "pid": 15596,
    "index": 24
  },
  {
    "name": "Require(21) node_modules/egg-jsonp/app/extend/application.js",
    "start": 1579789194854,
    "end": 1579789194855,
    "duration": 1,
    "pid": 15596,
    "index": 25
  },
  {
    "name": "Require(22) node_modules/egg-logrotator/app/extend/application.js",
    "start": 1579789194857,
    "end": 1579789194858,
    "duration": 1,
    "pid": 15596,
    "index": 26
  },
  {
    "name": "Require(23) node_modules/egg-view/app/extend/application.js",
    "start": 1579789194858,
    "end": 1579789194859,
    "duration": 1,
    "pid": 15596,
    "index": 27
  },
  {
    "name": "Load extend/request.js",
    "start": 1579789194862,
    "end": 1579789194866,
    "duration": 4,
    "pid": 15596,
    "index": 28
  },
  {
    "name": "Require(24) node_modules/egg/app/extend/request.js",
    "start": 1579789194863,
    "end": 1579789194864,
    "duration": 1,
    "pid": 15596,
    "index": 29
  },
  {
    "name": "Load extend/response.js",
    "start": 1579789194866,
    "end": 1579789194872,
    "duration": 6,
    "pid": 15596,
    "index": 30
  },
  {
    "name": "Require(25) node_modules/egg/app/extend/response.js",
    "start": 1579789194869,
    "end": 1579789194870,
    "duration": 1,
    "pid": 15596,
    "index": 31
  },
  {
    "name": "Load extend/context.js",
    "start": 1579789194872,
    "end": 1579789194914,
    "duration": 42,
    "pid": 15596,
    "index": 32
  },
  {
    "name": "Require(26) node_modules/egg-security/app/extend/context.js",
    "start": 1579789194873,
    "end": 1579789194879,
    "duration": 6,
    "pid": 15596,
    "index": 33
  },
  {
    "name": "Require(27) node_modules/egg-jsonp/app/extend/context.js",
    "start": 1579789194880,
    "end": 1579789194881,
    "duration": 1,
    "pid": 15596,
    "index": 34
  },
  {
    "name": "Require(28) node_modules/egg-i18n/app/extend/context.js",
    "start": 1579789194881,
    "end": 1579789194881,
    "duration": 0,
    "pid": 15596,
    "index": 35
  },
  {
    "name": "Require(29) node_modules/egg-multipart/app/extend/context.js",
    "start": 1579789194882,
    "end": 1579789194909,
    "duration": 27,
    "pid": 15596,
    "index": 36
  },
  {
    "name": "Require(30) node_modules/egg-view/app/extend/context.js",
    "start": 1579789194910,
    "end": 1579789194911,
    "duration": 1,
    "pid": 15596,
    "index": 37
  },
  {
    "name": "Require(31) node_modules/egg/app/extend/context.js",
    "start": 1579789194911,
    "end": 1579789194912,
    "duration": 1,
    "pid": 15596,
    "index": 38
  },
  {
    "name": "Load extend/helper.js",
    "start": 1579789194914,
    "end": 1579789194933,
    "duration": 19,
    "pid": 15596,
    "index": 39
  },
  {
    "name": "Require(32) node_modules/egg-security/app/extend/helper.js",
    "start": 1579789194915,
    "end": 1579789194929,
    "duration": 14,
    "pid": 15596,
    "index": 40
  },
  {
    "name": "Require(33) node_modules/egg/app/extend/helper.js",
    "start": 1579789194930,
    "end": 1579789194931,
    "duration": 1,
    "pid": 15596,
    "index": 41
  },
  {
    "name": "Load app.js",
    "start": 1579789194933,
    "end": 1579789194967,
    "duration": 34,
    "pid": 15596,
    "index": 42
  },
  {
    "name": "Require(34) node_modules/egg-session/app.js",
    "start": 1579789194933,
    "end": 1579789194933,
    "duration": 0,
    "pid": 15596,
    "index": 43
  },
  {
    "name": "Require(35) node_modules/egg-security/app.js",
    "start": 1579789194934,
    "end": 1579789194935,
    "duration": 1,
    "pid": 15596,
    "index": 44
  },
  {
    "name": "Require(36) node_modules/egg-onerror/app.js",
    "start": 1579789194935,
    "end": 1579789194941,
    "duration": 6,
    "pid": 15596,
    "index": 45
  },
  {
    "name": "Require(37) node_modules/egg-i18n/app.js",
    "start": 1579789194941,
    "end": 1579789194958,
    "duration": 17,
    "pid": 15596,
    "index": 46
  },
  {
    "name": "Require(38) node_modules/egg-watcher/app.js",
    "start": 1579789194958,
    "end": 1579789194961,
    "duration": 3,
    "pid": 15596,
    "index": 47
  },
  {
    "name": "Require(39) node_modules/egg-schedule/app.js",
    "start": 1579789194961,
    "end": 1579789194962,
    "duration": 1,
    "pid": 15596,
    "index": 48
  },
  {
    "name": "Require(40) node_modules/egg-multipart/app.js",
    "start": 1579789194963,
    "end": 1579789194965,
    "duration": 2,
    "pid": 15596,
    "index": 49
  },
  {
    "name": "Require(41) node_modules/egg-development/app.js",
    "start": 1579789194965,
    "end": 1579789194965,
    "duration": 0,
    "pid": 15596,
    "index": 50
  },
  {
    "name": "Require(42) node_modules/egg-logrotator/app.js",
    "start": 1579789194965,
    "end": 1579789194966,
    "duration": 1,
    "pid": 15596,
    "index": 51
  },
  {
    "name": "Require(43) node_modules/egg-static/app.js",
    "start": 1579789194966,
    "end": 1579789194966,
    "duration": 0,
    "pid": 15596,
    "index": 52
  },
  {
    "name": "Before Start in node_modules/egg-watcher/lib/init.js:15:14",
    "start": 1579789194975,
    "end": 1579789195080,
    "duration": 105,
    "pid": 15596,
    "index": 53
  },
  {
    "name": "Load Service",
    "start": 1579789194998,
    "end": 1579789195001,
    "duration": 3,
    "pid": 15596,
    "index": 54
  },
  {
    "name": "Load \"service\" to Context",
    "start": 1579789194998,
    "end": 1579789195001,
    "duration": 3,
    "pid": 15596,
    "index": 55
  },
  {
    "name": "Load Middleware",
    "start": 1579789195001,
    "end": 1579789195065,
    "duration": 64,
    "pid": 15596,
    "index": 56
  },
  {
    "name": "Load \"middlewares\" to Application",
    "start": 1579789195001,
    "end": 1579789195058,
    "duration": 57,
    "pid": 15596,
    "index": 57
  },
  {
    "name": "Load Controller",
    "start": 1579789195065,
    "end": 1579789195067,
    "duration": 2,
    "pid": 15596,
    "index": 58
  },
  {
    "name": "Load \"controller\" to Application",
    "start": 1579789195065,
    "end": 1579789195067,
    "duration": 2,
    "pid": 15596,
    "index": 59
  },
  {
    "name": "Load Router",
    "start": 1579789195067,
    "end": 1579789195068,
    "duration": 1,
    "pid": 15596,
    "index": 60
  },
  {
    "name": "Require(44) app/router.js",
    "start": 1579789195067,
    "end": 1579789195067,
    "duration": 0,
    "pid": 15596,
    "index": 61
  },
  {
    "name": "Before Start in node_modules/egg-core/lib/egg.js:303:10",
    "start": 1579789195067,
    "end": 1579789195074,
    "duration": 7,
    "pid": 15596,
    "index": 62
  }
]