[
  {
    "name": "Application Start",
    "start": 1579789129161,
    "end": 1579789129427,
    "duration": 266,
    "pid": 22160,
    "index": 0
  },
  {
    "name": "Load Plugin",
    "start": 1579789129164,
    "end": 1579789129175,
    "duration": 11,
    "pid": 22160,
    "index": 1
  },
  {
    "name": "Load Config",
    "start": 1579789129175,
    "end": 1579789129190,
    "duration": 15,
    "pid": 22160,
    "index": 2
  },
  {
    "name": "Require(0) config/config.default.js",
    "start": 1579789129175,
    "end": 1579789129175,
    "duration": 0,
    "pid": 22160,
    "index": 3
  },
  {
    "name": "Require(1) node_modules/egg-session/config/config.default.js",
    "start": 1579789129176,
    "end": 1579789129177,
    "duration": 1,
    "pid": 22160,
    "index": 4
  },
  {
    "name": "Require(2) node_modules/egg-security/config/config.default.js",
    "start": 1579789129177,
    "end": 1579789129177,
    "duration": 0,
    "pid": 22160,
    "index": 5
  },
  {
    "name": "Require(3) node_modules/egg-jsonp/config/config.default.js",
    "start": 1579789129178,
    "end": 1579789129178,
    "duration": 0,
    "pid": 22160,
    "index": 6
  },
  {
    "name": "Require(4) node_modules/egg-onerror/config/config.default.js",
    "start": 1579789129179,
    "end": 1579789129179,
    "duration": 0,
    "pid": 22160,
    "index": 7
  },
  {
    "name": "Require(5) node_modules/egg-i18n/config/config.default.js",
    "start": 1579789129179,
    "end": 1579789129180,
    "duration": 1,
    "pid": 22160,
    "index": 8
  },
  {
    "name": "Require(6) node_modules/egg-watcher/config/config.default.js",
    "start": 1579789129180,
    "end": 1579789129181,
    "duration": 1,
    "pid": 22160,
    "index": 9
  },
  {
    "name": "Require(7) node_modules/egg-schedule/config/config.default.js",
    "start": 1579789129181,
    "end": 1579789129181,
    "duration": 0,
    "pid": 22160,
    "index": 10
  },
  {
    "name": "Require(8) node_modules/egg-multipart/config/config.default.js",
    "start": 1579789129182,
    "end": 1579789129182,
    "duration": 0,
    "pid": 22160,
    "index": 11
  },
  {
    "name": "Require(9) node_modules/egg-development/config/config.default.js",
    "start": 1579789129182,
    "end": 1579789129183,
    "duration": 1,
    "pid": 22160,
    "index": 12
  },
  {
    "name": "Require(10) node_modules/egg-logrotator/config/config.default.js",
    "start": 1579789129183,
    "end": 1579789129183,
    "duration": 0,
    "pid": 22160,
    "index": 13
  },
  {
    "name": "Require(11) node_modules/egg-static/config/config.default.js",
    "start": 1579789129184,
    "end": 1579789129184,
    "duration": 0,
    "pid": 22160,
    "index": 14
  },
  {
    "name": "Require(12) node_modules/egg-view/config/config.default.js",
    "start": 1579789129184,
    "end": 1579789129185,
    "duration": 1,
    "pid": 22160,
    "index": 15
  },
  {
    "name": "Require(13) node_modules/egg/config/config.default.js",
    "start": 1579789129185,
    "end": 1579789129185,
    "duration": 0,
    "pid": 22160,
    "index": 16
  },
  {
    "name": "Require(14) config/config.default.js",
    "start": 1579789129186,
    "end": 1579789129186,
    "duration": 0,
    "pid": 22160,
    "index": 17
  },
  {
    "name": "Require(15) node_modules/egg-security/config/config.local.js",
    "start": 1579789129187,
    "end": 1579789129187,
    "duration": 0,
    "pid": 22160,
    "index": 18
  },
  {
    "name": "Require(16) node_modules/egg-watcher/config/config.local.js",
    "start": 1579789129188,
    "end": 1579789129188,
    "duration": 0,
    "pid": 22160,
    "index": 19
  },
  {
    "name": "Require(17) node_modules/egg-view/config/config.local.js",
    "start": 1579789129189,
    "end": 1579789129189,
    "duration": 0,
    "pid": 22160,
    "index": 20
  },
  {
    "name": "Require(18) node_modules/egg/config/config.local.js",
    "start": 1579789129189,
    "end": 1579789129190,
    "duration": 1,
    "pid": 22160,
    "index": 21
  },
  {
    "name": "Load extend/application.js",
    "start": 1579789129191,
    "end": 1579789129200,
    "duration": 9,
    "pid": 22160,
    "index": 22
  },
  {
    "name": "Require(19) node_modules/egg-session/app/extend/application.js",
    "start": 1579789129191,
    "end": 1579789129192,
    "duration": 1,
    "pid": 22160,
    "index": 23
  },
  {
    "name": "Require(20) node_modules/egg-security/app/extend/application.js",
    "start": 1579789129192,
    "end": 1579789129193,
    "duration": 1,
    "pid": 22160,
    "index": 24
  },
  {
    "name": "Require(21) node_modules/egg-jsonp/app/extend/application.js",
    "start": 1579789129193,
    "end": 1579789129194,
    "duration": 1,
    "pid": 22160,
    "index": 25
  },
  {
    "name": "Require(22) node_modules/egg-logrotator/app/extend/application.js",
    "start": 1579789129196,
    "end": 1579789129197,
    "duration": 1,
    "pid": 22160,
    "index": 26
  },
  {
    "name": "Require(23) node_modules/egg-view/app/extend/application.js",
    "start": 1579789129197,
    "end": 1579789129198,
    "duration": 1,
    "pid": 22160,
    "index": 27
  },
  {
    "name": "Load extend/request.js",
    "start": 1579789129200,
    "end": 1579789129204,
    "duration": 4,
    "pid": 22160,
    "index": 28
  },
  {
    "name": "Require(24) node_modules/egg/app/extend/request.js",
    "start": 1579789129202,
    "end": 1579789129203,
    "duration": 1,
    "pid": 22160,
    "index": 29
  },
  {
    "name": "Load extend/response.js",
    "start": 1579789129205,
    "end": 1579789129211,
    "duration": 6,
    "pid": 22160,
    "index": 30
  },
  {
    "name": "Require(25) node_modules/egg/app/extend/response.js",
    "start": 1579789129206,
    "end": 1579789129207,
    "duration": 1,
    "pid": 22160,
    "index": 31
  },
  {
    "name": "Load extend/context.js",
    "start": 1579789129211,
    "end": 1579789129252,
    "duration": 41,
    "pid": 22160,
    "index": 32
  },
  {
    "name": "Require(26) node_modules/egg-security/app/extend/context.js",
    "start": 1579789129211,
    "end": 1579789129218,
    "duration": 7,
    "pid": 22160,
    "index": 33
  },
  {
    "name": "Require(27) node_modules/egg-jsonp/app/extend/context.js",
    "start": 1579789129218,
    "end": 1579789129219,
    "duration": 1,
    "pid": 22160,
    "index": 34
  },
  {
    "name": "Require(28) node_modules/egg-i18n/app/extend/context.js",
    "start": 1579789129219,
    "end": 1579789129220,
    "duration": 1,
    "pid": 22160,
    "index": 35
  },
  {
    "name": "Require(29) node_modules/egg-multipart/app/extend/context.js",
    "start": 1579789129220,
    "end": 1579789129248,
    "duration": 28,
    "pid": 22160,
    "index": 36
  },
  {
    "name": "Require(30) node_modules/egg-view/app/extend/context.js",
    "start": 1579789129249,
    "end": 1579789129250,
    "duration": 1,
    "pid": 22160,
    "index": 37
  },
  {
    "name": "Require(31) node_modules/egg/app/extend/context.js",
    "start": 1579789129250,
    "end": 1579789129251,
    "duration": 1,
    "pid": 22160,
    "index": 38
  },
  {
    "name": "Load extend/helper.js",
    "start": 1579789129253,
    "end": 1579789129271,
    "duration": 18,
    "pid": 22160,
    "index": 39
  },
  {
    "name": "Require(32) node_modules/egg-security/app/extend/helper.js",
    "start": 1579789129253,
    "end": 1579789129267,
    "duration": 14,
    "pid": 22160,
    "index": 40
  },
  {
    "name": "Require(33) node_modules/egg/app/extend/helper.js",
    "start": 1579789129268,
    "end": 1579789129269,
    "duration": 1,
    "pid": 22160,
    "index": 41
  },
  {
    "name": "Load app.js",
    "start": 1579789129271,
    "end": 1579789129303,
    "duration": 32,
    "pid": 22160,
    "index": 42
  },
  {
    "name": "Require(34) node_modules/egg-session/app.js",
    "start": 1579789129271,
    "end": 1579789129271,
    "duration": 0,
    "pid": 22160,
    "index": 43
  },
  {
    "name": "Require(35) node_modules/egg-security/app.js",
    "start": 1579789129271,
    "end": 1579789129272,
    "duration": 1,
    "pid": 22160,
    "index": 44
  },
  {
    "name": "Require(36) node_modules/egg-onerror/app.js",
    "start": 1579789129273,
    "end": 1579789129279,
    "duration": 6,
    "pid": 22160,
    "index": 45
  },
  {
    "name": "Require(37) node_modules/egg-i18n/app.js",
    "start": 1579789129279,
    "end": 1579789129294,
    "duration": 15,
    "pid": 22160,
    "index": 46
  },
  {
    "name": "Require(38) node_modules/egg-watcher/app.js",
    "start": 1579789129294,
    "end": 1579789129297,
    "duration": 3,
    "pid": 22160,
    "index": 47
  },
  {
    "name": "Require(39) node_modules/egg-schedule/app.js",
    "start": 1579789129297,
    "end": 1579789129298,
    "duration": 1,
    "pid": 22160,
    "index": 48
  },
  {
    "name": "Require(40) node_modules/egg-multipart/app.js",
    "start": 1579789129298,
    "end": 1579789129300,
    "duration": 2,
    "pid": 22160,
    "index": 49
  },
  {
    "name": "Require(41) node_modules/egg-development/app.js",
    "start": 1579789129301,
    "end": 1579789129301,
    "duration": 0,
    "pid": 22160,
    "index": 50
  },
  {
    "name": "Require(42) node_modules/egg-logrotator/app.js",
    "start": 1579789129301,
    "end": 1579789129302,
    "duration": 1,
    "pid": 22160,
    "index": 51
  },
  {
    "name": "Require(43) node_modules/egg-static/app.js",
    "start": 1579789129302,
    "end": 1579789129302,
    "duration": 0,
    "pid": 22160,
    "index": 52
  },
  {
    "name": "Before Start in node_modules/egg-watcher/lib/init.js:15:14",
    "start": 1579789129311,
    "end": 1579789129427,
    "duration": 116,
    "pid": 22160,
    "index": 53
  },
  {
    "name": "Load Service",
    "start": 1579789129333,
    "end": 1579789129336,
    "duration": 3,
    "pid": 22160,
    "index": 54
  },
  {
    "name": "Load \"service\" to Context",
    "start": 1579789129333,
    "end": 1579789129336,
    "duration": 3,
    "pid": 22160,
    "index": 55
  },
  {
    "name": "Load Middleware",
    "start": 1579789129337,
    "end": 1579789129409,
    "duration": 72,
    "pid": 22160,
    "index": 56
  },
  {
    "name": "Load \"middlewares\" to Application",
    "start": 1579789129337,
    "end": 1579789129399,
    "duration": 62,
    "pid": 22160,
    "index": 57
  },
  {
    "name": "Load Controller",
    "start": 1579789129409,
    "end": 1579789129410,
    "duration": 1,
    "pid": 22160,
    "index": 58
  },
  {
    "name": "Load \"controller\" to Application",
    "start": 1579789129409,
    "end": 1579789129410,
    "duration": 1,
    "pid": 22160,
    "index": 59
  },
  {
    "name": "Load Router",
    "start": 1579789129410,
    "end": 1579789129412,
    "duration": 2,
    "pid": 22160,
    "index": 60
  },
  {
    "name": "Require(44) app/router.js",
    "start": 1579789129410,
    "end": 1579789129411,
    "duration": 1,
    "pid": 22160,
    "index": 61
  },
  {
    "name": "Before Start in node_modules/egg-core/lib/egg.js:303:10",
    "start": 1579789129411,
    "end": 1579789129418,
    "duration": 7,
    "pid": 22160,
    "index": 62
  }
]