[
  {
    "name": "Application Start",
    "start": 1579789789870,
    "end": 1579789790169,
    "duration": 299,
    "pid": 15460,
    "index": 0
  },
  {
    "name": "Load Plugin",
    "start": 1579789789873,
    "end": 1579789789884,
    "duration": 11,
    "pid": 15460,
    "index": 1
  },
  {
    "name": "Load Config",
    "start": 1579789789884,
    "end": 1579789789903,
    "duration": 19,
    "pid": 15460,
    "index": 2
  },
  {
    "name": "Require(0) config/config.default.js",
    "start": 1579789789885,
    "end": 1579789789885,
    "duration": 0,
    "pid": 15460,
    "index": 3
  },
  {
    "name": "Require(1) node_modules/egg-session/config/config.default.js",
    "start": 1579789789886,
    "end": 1579789789887,
    "duration": 1,
    "pid": 15460,
    "index": 4
  },
  {
    "name": "Require(2) node_modules/egg-security/config/config.default.js",
    "start": 1579789789887,
    "end": 1579789789888,
    "duration": 1,
    "pid": 15460,
    "index": 5
  },
  {
    "name": "Require(3) node_modules/egg-jsonp/config/config.default.js",
    "start": 1579789789888,
    "end": 1579789789889,
    "duration": 1,
    "pid": 15460,
    "index": 6
  },
  {
    "name": "Require(4) node_modules/egg-onerror/config/config.default.js",
    "start": 1579789789889,
    "end": 1579789789890,
    "duration": 1,
    "pid": 15460,
    "index": 7
  },
  {
    "name": "Require(5) node_modules/egg-i18n/config/config.default.js",
    "start": 1579789789890,
    "end": 1579789789891,
    "duration": 1,
    "pid": 15460,
    "index": 8
  },
  {
    "name": "Require(6) node_modules/egg-watcher/config/config.default.js",
    "start": 1579789789891,
    "end": 1579789789893,
    "duration": 2,
    "pid": 15460,
    "index": 9
  },
  {
    "name": "Require(7) node_modules/egg-schedule/config/config.default.js",
    "start": 1579789789894,
    "end": 1579789789894,
    "duration": 0,
    "pid": 15460,
    "index": 10
  },
  {
    "name": "Require(8) node_modules/egg-multipart/config/config.default.js",
    "start": 1579789789894,
    "end": 1579789789895,
    "duration": 1,
    "pid": 15460,
    "index": 11
  },
  {
    "name": "Require(9) node_modules/egg-development/config/config.default.js",
    "start": 1579789789895,
    "end": 1579789789895,
    "duration": 0,
    "pid": 15460,
    "index": 12
  },
  {
    "name": "Require(10) node_modules/egg-logrotator/config/config.default.js",
    "start": 1579789789896,
    "end": 1579789789896,
    "duration": 0,
    "pid": 15460,
    "index": 13
  },
  {
    "name": "Require(11) node_modules/egg-static/config/config.default.js",
    "start": 1579789789896,
    "end": 1579789789897,
    "duration": 1,
    "pid": 15460,
    "index": 14
  },
  {
    "name": "Require(12) node_modules/egg-view/config/config.default.js",
    "start": 1579789789897,
    "end": 1579789789898,
    "duration": 1,
    "pid": 15460,
    "index": 15
  },
  {
    "name": "Require(13) node_modules/egg/config/config.default.js",
    "start": 1579789789898,
    "end": 1579789789898,
    "duration": 0,
    "pid": 15460,
    "index": 16
  },
  {
    "name": "Require(14) config/config.default.js",
    "start": 1579789789899,
    "end": 1579789789899,
    "duration": 0,
    "pid": 15460,
    "index": 17
  },
  {
    "name": "Require(15) node_modules/egg-security/config/config.local.js",
    "start": 1579789789900,
    "end": 1579789789900,
    "duration": 0,
    "pid": 15460,
    "index": 18
  },
  {
    "name": "Require(16) node_modules/egg-watcher/config/config.local.js",
    "start": 1579789789901,
    "end": 1579789789901,
    "duration": 0,
    "pid": 15460,
    "index": 19
  },
  {
    "name": "Require(17) node_modules/egg-view/config/config.local.js",
    "start": 1579789789902,
    "end": 1579789789903,
    "duration": 1,
    "pid": 15460,
    "index": 20
  },
  {
    "name": "Require(18) node_modules/egg/config/config.local.js",
    "start": 1579789789903,
    "end": 1579789789903,
    "duration": 0,
    "pid": 15460,
    "index": 21
  },
  {
    "name": "Load extend/application.js",
    "start": 1579789789904,
    "end": 1579789789914,
    "duration": 10,
    "pid": 15460,
    "index": 22
  },
  {
    "name": "Require(19) node_modules/egg-session/app/extend/application.js",
    "start": 1579789789905,
    "end": 1579789789905,
    "duration": 0,
    "pid": 15460,
    "index": 23
  },
  {
    "name": "Require(20) node_modules/egg-security/app/extend/application.js",
    "start": 1579789789905,
    "end": 1579789789906,
    "duration": 1,
    "pid": 15460,
    "index": 24
  },
  {
    "name": "Require(21) node_modules/egg-jsonp/app/extend/application.js",
    "start": 1579789789906,
    "end": 1579789789908,
    "duration": 2,
    "pid": 15460,
    "index": 25
  },
  {
    "name": "Require(22) node_modules/egg-logrotator/app/extend/application.js",
    "start": 1579789789909,
    "end": 1579789789910,
    "duration": 1,
    "pid": 15460,
    "index": 26
  },
  {
    "name": "Require(23) node_modules/egg-view/app/extend/application.js",
    "start": 1579789789910,
    "end": 1579789789911,
    "duration": 1,
    "pid": 15460,
    "index": 27
  },
  {
    "name": "Load extend/request.js",
    "start": 1579789789914,
    "end": 1579789789919,
    "duration": 5,
    "pid": 15460,
    "index": 28
  },
  {
    "name": "Require(24) node_modules/egg/app/extend/request.js",
    "start": 1579789789916,
    "end": 1579789789916,
    "duration": 0,
    "pid": 15460,
    "index": 29
  },
  {
    "name": "Load extend/response.js",
    "start": 1579789789919,
    "end": 1579789789925,
    "duration": 6,
    "pid": 15460,
    "index": 30
  },
  {
    "name": "Require(25) node_modules/egg/app/extend/response.js",
    "start": 1579789789922,
    "end": 1579789789923,
    "duration": 1,
    "pid": 15460,
    "index": 31
  },
  {
    "name": "Load extend/context.js",
    "start": 1579789789925,
    "end": 1579789789973,
    "duration": 48,
    "pid": 15460,
    "index": 32
  },
  {
    "name": "Require(26) node_modules/egg-security/app/extend/context.js",
    "start": 1579789789925,
    "end": 1579789789934,
    "duration": 9,
    "pid": 15460,
    "index": 33
  },
  {
    "name": "Require(27) node_modules/egg-jsonp/app/extend/context.js",
    "start": 1579789789934,
    "end": 1579789789936,
    "duration": 2,
    "pid": 15460,
    "index": 34
  },
  {
    "name": "Require(28) node_modules/egg-i18n/app/extend/context.js",
    "start": 1579789789936,
    "end": 1579789789937,
    "duration": 1,
    "pid": 15460,
    "index": 35
  },
  {
    "name": "Require(29) node_modules/egg-multipart/app/extend/context.js",
    "start": 1579789789937,
    "end": 1579789789968,
    "duration": 31,
    "pid": 15460,
    "index": 36
  },
  {
    "name": "Require(30) node_modules/egg-view/app/extend/context.js",
    "start": 1579789789969,
    "end": 1579789789970,
    "duration": 1,
    "pid": 15460,
    "index": 37
  },
  {
    "name": "Require(31) node_modules/egg/app/extend/context.js",
    "start": 1579789789970,
    "end": 1579789789971,
    "duration": 1,
    "pid": 15460,
    "index": 38
  },
  {
    "name": "Load extend/helper.js",
    "start": 1579789789973,
    "end": 1579789789996,
    "duration": 23,
    "pid": 15460,
    "index": 39
  },
  {
    "name": "Require(32) node_modules/egg-security/app/extend/helper.js",
    "start": 1579789789973,
    "end": 1579789789992,
    "duration": 19,
    "pid": 15460,
    "index": 40
  },
  {
    "name": "Require(33) node_modules/egg/app/extend/helper.js",
    "start": 1579789789994,
    "end": 1579789789994,
    "duration": 0,
    "pid": 15460,
    "index": 41
  },
  {
    "name": "Load app.js",
    "start": 1579789789996,
    "end": 1579789790036,
    "duration": 40,
    "pid": 15460,
    "index": 42
  },
  {
    "name": "Require(34) node_modules/egg-session/app.js",
    "start": 1579789789996,
    "end": 1579789789997,
    "duration": 1,
    "pid": 15460,
    "index": 43
  },
  {
    "name": "Require(35) node_modules/egg-security/app.js",
    "start": 1579789789997,
    "end": 1579789789998,
    "duration": 1,
    "pid": 15460,
    "index": 44
  },
  {
    "name": "Require(36) node_modules/egg-onerror/app.js",
    "start": 1579789789999,
    "end": 1579789790006,
    "duration": 7,
    "pid": 15460,
    "index": 45
  },
  {
    "name": "Require(37) node_modules/egg-i18n/app.js",
    "start": 1579789790006,
    "end": 1579789790019,
    "duration": 13,
    "pid": 15460,
    "index": 46
  },
  {
    "name": "Require(38) node_modules/egg-watcher/app.js",
    "start": 1579789790020,
    "end": 1579789790024,
    "duration": 4,
    "pid": 15460,
    "index": 47
  },
  {
    "name": "Require(39) node_modules/egg-schedule/app.js",
    "start": 1579789790024,
    "end": 1579789790026,
    "duration": 2,
    "pid": 15460,
    "index": 48
  },
  {
    "name": "Require(40) node_modules/egg-multipart/app.js",
    "start": 1579789790026,
    "end": 1579789790029,
    "duration": 3,
    "pid": 15460,
    "index": 49
  },
  {
    "name": "Require(41) node_modules/egg-development/app.js",
    "start": 1579789790029,
    "end": 1579789790033,
    "duration": 4,
    "pid": 15460,
    "index": 50
  },
  {
    "name": "Require(42) node_modules/egg-logrotator/app.js",
    "start": 1579789790033,
    "end": 1579789790034,
    "duration": 1,
    "pid": 15460,
    "index": 51
  },
  {
    "name": "Require(43) node_modules/egg-static/app.js",
    "start": 1579789790034,
    "end": 1579789790035,
    "duration": 1,
    "pid": 15460,
    "index": 52
  },
  {
    "name": "Before Start in node_modules/egg-watcher/lib/init.js:15:14",
    "start": 1579789790045,
    "end": 1579789790169,
    "duration": 124,
    "pid": 15460,
    "index": 53
  },
  {
    "name": "Load Service",
    "start": 1579789790070,
    "end": 1579789790074,
    "duration": 4,
    "pid": 15460,
    "index": 54
  },
  {
    "name": "Load \"service\" to Context",
    "start": 1579789790070,
    "end": 1579789790074,
    "duration": 4,
    "pid": 15460,
    "index": 55
  },
  {
    "name": "Load Middleware",
    "start": 1579789790074,
    "end": 1579789790147,
    "duration": 73,
    "pid": 15460,
    "index": 56
  },
  {
    "name": "Load \"middlewares\" to Application",
    "start": 1579789790074,
    "end": 1579789790139,
    "duration": 65,
    "pid": 15460,
    "index": 57
  },
  {
    "name": "Load Controller",
    "start": 1579789790147,
    "end": 1579789790149,
    "duration": 2,
    "pid": 15460,
    "index": 58
  },
  {
    "name": "Load \"controller\" to Application",
    "start": 1579789790147,
    "end": 1579789790149,
    "duration": 2,
    "pid": 15460,
    "index": 59
  },
  {
    "name": "Load Router",
    "start": 1579789790150,
    "end": 1579789790152,
    "duration": 2,
    "pid": 15460,
    "index": 60
  },
  {
    "name": "Require(44) app/router.js",
    "start": 1579789790150,
    "end": 1579789790150,
    "duration": 0,
    "pid": 15460,
    "index": 61
  },
  {
    "name": "Before Start in node_modules/egg-core/lib/egg.js:303:10",
    "start": 1579789790151,
    "end": 1579789790160,
    "duration": 9,
    "pid": 15460,
    "index": 62
  }
]