[
  {
    "name": "Application Start",
    "start": 1579789244019,
    "end": 1579789244278,
    "duration": 259,
    "pid": 11988,
    "index": 0
  },
  {
    "name": "Load Plugin",
    "start": 1579789244022,
    "end": 1579789244033,
    "duration": 11,
    "pid": 11988,
    "index": 1
  },
  {
    "name": "Load Config",
    "start": 1579789244033,
    "end": 1579789244049,
    "duration": 16,
    "pid": 11988,
    "index": 2
  },
  {
    "name": "Require(0) config/config.default.js",
    "start": 1579789244034,
    "end": 1579789244034,
    "duration": 0,
    "pid": 11988,
    "index": 3
  },
  {
    "name": "Require(1) node_modules/egg-session/config/config.default.js",
    "start": 1579789244035,
    "end": 1579789244035,
    "duration": 0,
    "pid": 11988,
    "index": 4
  },
  {
    "name": "Require(2) node_modules/egg-security/config/config.default.js",
    "start": 1579789244036,
    "end": 1579789244036,
    "duration": 0,
    "pid": 11988,
    "index": 5
  },
  {
    "name": "Require(3) node_modules/egg-jsonp/config/config.default.js",
    "start": 1579789244037,
    "end": 1579789244037,
    "duration": 0,
    "pid": 11988,
    "index": 6
  },
  {
    "name": "Require(4) node_modules/egg-onerror/config/config.default.js",
    "start": 1579789244037,
    "end": 1579789244038,
    "duration": 1,
    "pid": 11988,
    "index": 7
  },
  {
    "name": "Require(5) node_modules/egg-i18n/config/config.default.js",
    "start": 1579789244038,
    "end": 1579789244038,
    "duration": 0,
    "pid": 11988,
    "index": 8
  },
  {
    "name": "Require(6) node_modules/egg-watcher/config/config.default.js",
    "start": 1579789244039,
    "end": 1579789244039,
    "duration": 0,
    "pid": 11988,
    "index": 9
  },
  {
    "name": "Require(7) node_modules/egg-schedule/config/config.default.js",
    "start": 1579789244039,
    "end": 1579789244040,
    "duration": 1,
    "pid": 11988,
    "index": 10
  },
  {
    "name": "Require(8) node_modules/egg-multipart/config/config.default.js",
    "start": 1579789244040,
    "end": 1579789244040,
    "duration": 0,
    "pid": 11988,
    "index": 11
  },
  {
    "name": "Require(9) node_modules/egg-development/config/config.default.js",
    "start": 1579789244041,
    "end": 1579789244041,
    "duration": 0,
    "pid": 11988,
    "index": 12
  },
  {
    "name": "Require(10) node_modules/egg-logrotator/config/config.default.js",
    "start": 1579789244041,
    "end": 1579789244042,
    "duration": 1,
    "pid": 11988,
    "index": 13
  },
  {
    "name": "Require(11) node_modules/egg-static/config/config.default.js",
    "start": 1579789244042,
    "end": 1579789244042,
    "duration": 0,
    "pid": 11988,
    "index": 14
  },
  {
    "name": "Require(12) node_modules/egg-view/config/config.default.js",
    "start": 1579789244043,
    "end": 1579789244043,
    "duration": 0,
    "pid": 11988,
    "index": 15
  },
  {
    "name": "Require(13) node_modules/egg/config/config.default.js",
    "start": 1579789244043,
    "end": 1579789244044,
    "duration": 1,
    "pid": 11988,
    "index": 16
  },
  {
    "name": "Require(14) config/config.default.js",
    "start": 1579789244045,
    "end": 1579789244045,
    "duration": 0,
    "pid": 11988,
    "index": 17
  },
  {
    "name": "Require(15) node_modules/egg-security/config/config.local.js",
    "start": 1579789244045,
    "end": 1579789244046,
    "duration": 1,
    "pid": 11988,
    "index": 18
  },
  {
    "name": "Require(16) node_modules/egg-watcher/config/config.local.js",
    "start": 1579789244046,
    "end": 1579789244047,
    "duration": 1,
    "pid": 11988,
    "index": 19
  },
  {
    "name": "Require(17) node_modules/egg-view/config/config.local.js",
    "start": 1579789244048,
    "end": 1579789244048,
    "duration": 0,
    "pid": 11988,
    "index": 20
  },
  {
    "name": "Require(18) node_modules/egg/config/config.local.js",
    "start": 1579789244048,
    "end": 1579789244049,
    "duration": 1,
    "pid": 11988,
    "index": 21
  },
  {
    "name": "Load extend/application.js",
    "start": 1579789244050,
    "end": 1579789244059,
    "duration": 9,
    "pid": 11988,
    "index": 22
  },
  {
    "name": "Require(19) node_modules/egg-session/app/extend/application.js",
    "start": 1579789244050,
    "end": 1579789244050,
    "duration": 0,
    "pid": 11988,
    "index": 23
  },
  {
    "name": "Require(20) node_modules/egg-security/app/extend/application.js",
    "start": 1579789244051,
    "end": 1579789244052,
    "duration": 1,
    "pid": 11988,
    "index": 24
  },
  {
    "name": "Require(21) node_modules/egg-jsonp/app/extend/application.js",
    "start": 1579789244052,
    "end": 1579789244053,
    "duration": 1,
    "pid": 11988,
    "index": 25
  },
  {
    "name": "Require(22) node_modules/egg-logrotator/app/extend/application.js",
    "start": 1579789244054,
    "end": 1579789244056,
    "duration": 2,
    "pid": 11988,
    "index": 26
  },
  {
    "name": "Require(23) node_modules/egg-view/app/extend/application.js",
    "start": 1579789244056,
    "end": 1579789244057,
    "duration": 1,
    "pid": 11988,
    "index": 27
  },
  {
    "name": "Load extend/request.js",
    "start": 1579789244059,
    "end": 1579789244064,
    "duration": 5,
    "pid": 11988,
    "index": 28
  },
  {
    "name": "Require(24) node_modules/egg/app/extend/request.js",
    "start": 1579789244061,
    "end": 1579789244062,
    "duration": 1,
    "pid": 11988,
    "index": 29
  },
  {
    "name": "Load extend/response.js",
    "start": 1579789244064,
    "end": 1579789244070,
    "duration": 6,
    "pid": 11988,
    "index": 30
  },
  {
    "name": "Require(25) node_modules/egg/app/extend/response.js",
    "start": 1579789244067,
    "end": 1579789244068,
    "duration": 1,
    "pid": 11988,
    "index": 31
  },
  {
    "name": "Load extend/context.js",
    "start": 1579789244070,
    "end": 1579789244114,
    "duration": 44,
    "pid": 11988,
    "index": 32
  },
  {
    "name": "Require(26) node_modules/egg-security/app/extend/context.js",
    "start": 1579789244071,
    "end": 1579789244078,
    "duration": 7,
    "pid": 11988,
    "index": 33
  },
  {
    "name": "Require(27) node_modules/egg-jsonp/app/extend/context.js",
    "start": 1579789244078,
    "end": 1579789244079,
    "duration": 1,
    "pid": 11988,
    "index": 34
  },
  {
    "name": "Require(28) node_modules/egg-i18n/app/extend/context.js",
    "start": 1579789244080,
    "end": 1579789244080,
    "duration": 0,
    "pid": 11988,
    "index": 35
  },
  {
    "name": "Require(29) node_modules/egg-multipart/app/extend/context.js",
    "start": 1579789244080,
    "end": 1579789244109,
    "duration": 29,
    "pid": 11988,
    "index": 36
  },
  {
    "name": "Require(30) node_modules/egg-view/app/extend/context.js",
    "start": 1579789244110,
    "end": 1579789244111,
    "duration": 1,
    "pid": 11988,
    "index": 37
  },
  {
    "name": "Require(31) node_modules/egg/app/extend/context.js",
    "start": 1579789244111,
    "end": 1579789244112,
    "duration": 1,
    "pid": 11988,
    "index": 38
  },
  {
    "name": "Load extend/helper.js",
    "start": 1579789244114,
    "end": 1579789244133,
    "duration": 19,
    "pid": 11988,
    "index": 39
  },
  {
    "name": "Require(32) node_modules/egg-security/app/extend/helper.js",
    "start": 1579789244114,
    "end": 1579789244129,
    "duration": 15,
    "pid": 11988,
    "index": 40
  },
  {
    "name": "Require(33) node_modules/egg/app/extend/helper.js",
    "start": 1579789244130,
    "end": 1579789244131,
    "duration": 1,
    "pid": 11988,
    "index": 41
  },
  {
    "name": "Load app.js",
    "start": 1579789244133,
    "end": 1579789244163,
    "duration": 30,
    "pid": 11988,
    "index": 42
  },
  {
    "name": "Require(34) node_modules/egg-session/app.js",
    "start": 1579789244133,
    "end": 1579789244133,
    "duration": 0,
    "pid": 11988,
    "index": 43
  },
  {
    "name": "Require(35) node_modules/egg-security/app.js",
    "start": 1579789244134,
    "end": 1579789244135,
    "duration": 1,
    "pid": 11988,
    "index": 44
  },
  {
    "name": "Require(36) node_modules/egg-onerror/app.js",
    "start": 1579789244135,
    "end": 1579789244141,
    "duration": 6,
    "pid": 11988,
    "index": 45
  },
  {
    "name": "Require(37) node_modules/egg-i18n/app.js",
    "start": 1579789244142,
    "end": 1579789244154,
    "duration": 12,
    "pid": 11988,
    "index": 46
  },
  {
    "name": "Require(38) node_modules/egg-watcher/app.js",
    "start": 1579789244154,
    "end": 1579789244157,
    "duration": 3,
    "pid": 11988,
    "index": 47
  },
  {
    "name": "Require(39) node_modules/egg-schedule/app.js",
    "start": 1579789244158,
    "end": 1579789244159,
    "duration": 1,
    "pid": 11988,
    "index": 48
  },
  {
    "name": "Require(40) node_modules/egg-multipart/app.js",
    "start": 1579789244159,
    "end": 1579789244161,
    "duration": 2,
    "pid": 11988,
    "index": 49
  },
  {
    "name": "Require(41) node_modules/egg-development/app.js",
    "start": 1579789244161,
    "end": 1579789244161,
    "duration": 0,
    "pid": 11988,
    "index": 50
  },
  {
    "name": "Require(42) node_modules/egg-logrotator/app.js",
    "start": 1579789244162,
    "end": 1579789244162,
    "duration": 0,
    "pid": 11988,
    "index": 51
  },
  {
    "name": "Require(43) node_modules/egg-static/app.js",
    "start": 1579789244162,
    "end": 1579789244162,
    "duration": 0,
    "pid": 11988,
    "index": 52
  },
  {
    "name": "Before Start in node_modules/egg-watcher/lib/init.js:15:14",
    "start": 1579789244171,
    "end": 1579789244278,
    "duration": 107,
    "pid": 11988,
    "index": 53
  },
  {
    "name": "Load Service",
    "start": 1579789244194,
    "end": 1579789244197,
    "duration": 3,
    "pid": 11988,
    "index": 54
  },
  {
    "name": "Load \"service\" to Context",
    "start": 1579789244194,
    "end": 1579789244197,
    "duration": 3,
    "pid": 11988,
    "index": 55
  },
  {
    "name": "Load Middleware",
    "start": 1579789244197,
    "end": 1579789244262,
    "duration": 65,
    "pid": 11988,
    "index": 56
  },
  {
    "name": "Load \"middlewares\" to Application",
    "start": 1579789244197,
    "end": 1579789244255,
    "duration": 58,
    "pid": 11988,
    "index": 57
  },
  {
    "name": "Load Controller",
    "start": 1579789244262,
    "end": 1579789244264,
    "duration": 2,
    "pid": 11988,
    "index": 58
  },
  {
    "name": "Load \"controller\" to Application",
    "start": 1579789244263,
    "end": 1579789244264,
    "duration": 1,
    "pid": 11988,
    "index": 59
  },
  {
    "name": "Load Router",
    "start": 1579789244264,
    "end": 1579789244266,
    "duration": 2,
    "pid": 11988,
    "index": 60
  },
  {
    "name": "Require(44) app/router.js",
    "start": 1579789244264,
    "end": 1579789244264,
    "duration": 0,
    "pid": 11988,
    "index": 61
  },
  {
    "name": "Before Start in node_modules/egg-core/lib/egg.js:303:10",
    "start": 1579789244265,
    "end": 1579789244271,
    "duration": 6,
    "pid": 11988,
    "index": 62
  }
]