[
  {
    "name": "Application Start",
    "start": 1579789200924,
    "end": 1579789201217,
    "duration": 293,
    "pid": 14096,
    "index": 0
  },
  {
    "name": "Load Plugin",
    "start": 1579789200927,
    "end": 1579789200938,
    "duration": 11,
    "pid": 14096,
    "index": 1
  },
  {
    "name": "Load Config",
    "start": 1579789200939,
    "end": 1579789200956,
    "duration": 17,
    "pid": 14096,
    "index": 2
  },
  {
    "name": "Require(0) config/config.default.js",
    "start": 1579789200939,
    "end": 1579789200939,
    "duration": 0,
    "pid": 14096,
    "index": 3
  },
  {
    "name": "Require(1) node_modules/egg-session/config/config.default.js",
    "start": 1579789200940,
    "end": 1579789200941,
    "duration": 1,
    "pid": 14096,
    "index": 4
  },
  {
    "name": "Require(2) node_modules/egg-security/config/config.default.js",
    "start": 1579789200941,
    "end": 1579789200942,
    "duration": 1,
    "pid": 14096,
    "index": 5
  },
  {
    "name": "Require(3) node_modules/egg-jsonp/config/config.default.js",
    "start": 1579789200942,
    "end": 1579789200943,
    "duration": 1,
    "pid": 14096,
    "index": 6
  },
  {
    "name": "Require(4) node_modules/egg-onerror/config/config.default.js",
    "start": 1579789200943,
    "end": 1579789200943,
    "duration": 0,
    "pid": 14096,
    "index": 7
  },
  {
    "name": "Require(5) node_modules/egg-i18n/config/config.default.js",
    "start": 1579789200944,
    "end": 1579789200944,
    "duration": 0,
    "pid": 14096,
    "index": 8
  },
  {
    "name": "Require(6) node_modules/egg-watcher/config/config.default.js",
    "start": 1579789200945,
    "end": 1579789200945,
    "duration": 0,
    "pid": 14096,
    "index": 9
  },
  {
    "name": "Require(7) node_modules/egg-schedule/config/config.default.js",
    "start": 1579789200946,
    "end": 1579789200946,
    "duration": 0,
    "pid": 14096,
    "index": 10
  },
  {
    "name": "Require(8) node_modules/egg-multipart/config/config.default.js",
    "start": 1579789200946,
    "end": 1579789200947,
    "duration": 1,
    "pid": 14096,
    "index": 11
  },
  {
    "name": "Require(9) node_modules/egg-development/config/config.default.js",
    "start": 1579789200947,
    "end": 1579789200947,
    "duration": 0,
    "pid": 14096,
    "index": 12
  },
  {
    "name": "Require(10) node_modules/egg-logrotator/config/config.default.js",
    "start": 1579789200948,
    "end": 1579789200948,
    "duration": 0,
    "pid": 14096,
    "index": 13
  },
  {
    "name": "Require(11) node_modules/egg-static/config/config.default.js",
    "start": 1579789200948,
    "end": 1579789200949,
    "duration": 1,
    "pid": 14096,
    "index": 14
  },
  {
    "name": "Require(12) node_modules/egg-view/config/config.default.js",
    "start": 1579789200949,
    "end": 1579789200949,
    "duration": 0,
    "pid": 14096,
    "index": 15
  },
  {
    "name": "Require(13) node_modules/egg/config/config.default.js",
    "start": 1579789200950,
    "end": 1579789200950,
    "duration": 0,
    "pid": 14096,
    "index": 16
  },
  {
    "name": "Require(14) config/config.default.js",
    "start": 1579789200951,
    "end": 1579789200951,
    "duration": 0,
    "pid": 14096,
    "index": 17
  },
  {
    "name": "Require(15) node_modules/egg-security/config/config.local.js",
    "start": 1579789200952,
    "end": 1579789200953,
    "duration": 1,
    "pid": 14096,
    "index": 18
  },
  {
    "name": "Require(16) node_modules/egg-watcher/config/config.local.js",
    "start": 1579789200953,
    "end": 1579789200954,
    "duration": 1,
    "pid": 14096,
    "index": 19
  },
  {
    "name": "Require(17) node_modules/egg-view/config/config.local.js",
    "start": 1579789200955,
    "end": 1579789200955,
    "duration": 0,
    "pid": 14096,
    "index": 20
  },
  {
    "name": "Require(18) node_modules/egg/config/config.local.js",
    "start": 1579789200955,
    "end": 1579789200956,
    "duration": 1,
    "pid": 14096,
    "index": 21
  },
  {
    "name": "Load extend/application.js",
    "start": 1579789200957,
    "end": 1579789200970,
    "duration": 13,
    "pid": 14096,
    "index": 22
  },
  {
    "name": "Require(19) node_modules/egg-session/app/extend/application.js",
    "start": 1579789200957,
    "end": 1579789200958,
    "duration": 1,
    "pid": 14096,
    "index": 23
  },
  {
    "name": "Require(20) node_modules/egg-security/app/extend/application.js",
    "start": 1579789200959,
    "end": 1579789200961,
    "duration": 2,
    "pid": 14096,
    "index": 24
  },
  {
    "name": "Require(21) node_modules/egg-jsonp/app/extend/application.js",
    "start": 1579789200962,
    "end": 1579789200964,
    "duration": 2,
    "pid": 14096,
    "index": 25
  },
  {
    "name": "Require(22) node_modules/egg-logrotator/app/extend/application.js",
    "start": 1579789200965,
    "end": 1579789200967,
    "duration": 2,
    "pid": 14096,
    "index": 26
  },
  {
    "name": "Require(23) node_modules/egg-view/app/extend/application.js",
    "start": 1579789200967,
    "end": 1579789200968,
    "duration": 1,
    "pid": 14096,
    "index": 27
  },
  {
    "name": "Load extend/request.js",
    "start": 1579789200970,
    "end": 1579789200975,
    "duration": 5,
    "pid": 14096,
    "index": 28
  },
  {
    "name": "Require(24) node_modules/egg/app/extend/request.js",
    "start": 1579789200972,
    "end": 1579789200973,
    "duration": 1,
    "pid": 14096,
    "index": 29
  },
  {
    "name": "Load extend/response.js",
    "start": 1579789200975,
    "end": 1579789200981,
    "duration": 6,
    "pid": 14096,
    "index": 30
  },
  {
    "name": "Require(25) node_modules/egg/app/extend/response.js",
    "start": 1579789200978,
    "end": 1579789200980,
    "duration": 2,
    "pid": 14096,
    "index": 31
  },
  {
    "name": "Load extend/context.js",
    "start": 1579789200981,
    "end": 1579789201032,
    "duration": 51,
    "pid": 14096,
    "index": 32
  },
  {
    "name": "Require(26) node_modules/egg-security/app/extend/context.js",
    "start": 1579789200982,
    "end": 1579789200989,
    "duration": 7,
    "pid": 14096,
    "index": 33
  },
  {
    "name": "Require(27) node_modules/egg-jsonp/app/extend/context.js",
    "start": 1579789200989,
    "end": 1579789200990,
    "duration": 1,
    "pid": 14096,
    "index": 34
  },
  {
    "name": "Require(28) node_modules/egg-i18n/app/extend/context.js",
    "start": 1579789200990,
    "end": 1579789200991,
    "duration": 1,
    "pid": 14096,
    "index": 35
  },
  {
    "name": "Require(29) node_modules/egg-multipart/app/extend/context.js",
    "start": 1579789200992,
    "end": 1579789201027,
    "duration": 35,
    "pid": 14096,
    "index": 36
  },
  {
    "name": "Require(30) node_modules/egg-view/app/extend/context.js",
    "start": 1579789201028,
    "end": 1579789201029,
    "duration": 1,
    "pid": 14096,
    "index": 37
  },
  {
    "name": "Require(31) node_modules/egg/app/extend/context.js",
    "start": 1579789201029,
    "end": 1579789201030,
    "duration": 1,
    "pid": 14096,
    "index": 38
  },
  {
    "name": "Load extend/helper.js",
    "start": 1579789201032,
    "end": 1579789201053,
    "duration": 21,
    "pid": 14096,
    "index": 39
  },
  {
    "name": "Require(32) node_modules/egg-security/app/extend/helper.js",
    "start": 1579789201032,
    "end": 1579789201047,
    "duration": 15,
    "pid": 14096,
    "index": 40
  },
  {
    "name": "Require(33) node_modules/egg/app/extend/helper.js",
    "start": 1579789201049,
    "end": 1579789201049,
    "duration": 0,
    "pid": 14096,
    "index": 41
  },
  {
    "name": "Load app.js",
    "start": 1579789201053,
    "end": 1579789201086,
    "duration": 33,
    "pid": 14096,
    "index": 42
  },
  {
    "name": "Require(34) node_modules/egg-session/app.js",
    "start": 1579789201054,
    "end": 1579789201054,
    "duration": 0,
    "pid": 14096,
    "index": 43
  },
  {
    "name": "Require(35) node_modules/egg-security/app.js",
    "start": 1579789201054,
    "end": 1579789201055,
    "duration": 1,
    "pid": 14096,
    "index": 44
  },
  {
    "name": "Require(36) node_modules/egg-onerror/app.js",
    "start": 1579789201056,
    "end": 1579789201062,
    "duration": 6,
    "pid": 14096,
    "index": 45
  },
  {
    "name": "Require(37) node_modules/egg-i18n/app.js",
    "start": 1579789201062,
    "end": 1579789201075,
    "duration": 13,
    "pid": 14096,
    "index": 46
  },
  {
    "name": "Require(38) node_modules/egg-watcher/app.js",
    "start": 1579789201076,
    "end": 1579789201080,
    "duration": 4,
    "pid": 14096,
    "index": 47
  },
  {
    "name": "Require(39) node_modules/egg-schedule/app.js",
    "start": 1579789201080,
    "end": 1579789201081,
    "duration": 1,
    "pid": 14096,
    "index": 48
  },
  {
    "name": "Require(40) node_modules/egg-multipart/app.js",
    "start": 1579789201081,
    "end": 1579789201083,
    "duration": 2,
    "pid": 14096,
    "index": 49
  },
  {
    "name": "Require(41) node_modules/egg-development/app.js",
    "start": 1579789201084,
    "end": 1579789201084,
    "duration": 0,
    "pid": 14096,
    "index": 50
  },
  {
    "name": "Require(42) node_modules/egg-logrotator/app.js",
    "start": 1579789201084,
    "end": 1579789201085,
    "duration": 1,
    "pid": 14096,
    "index": 51
  },
  {
    "name": "Require(43) node_modules/egg-static/app.js",
    "start": 1579789201085,
    "end": 1579789201085,
    "duration": 0,
    "pid": 14096,
    "index": 52
  },
  {
    "name": "Before Start in node_modules/egg-watcher/lib/init.js:15:14",
    "start": 1579789201095,
    "end": 1579789201217,
    "duration": 122,
    "pid": 14096,
    "index": 53
  },
  {
    "name": "Load Service",
    "start": 1579789201120,
    "end": 1579789201123,
    "duration": 3,
    "pid": 14096,
    "index": 54
  },
  {
    "name": "Load \"service\" to Context",
    "start": 1579789201120,
    "end": 1579789201123,
    "duration": 3,
    "pid": 14096,
    "index": 55
  },
  {
    "name": "Load Middleware",
    "start": 1579789201123,
    "end": 1579789201200,
    "duration": 77,
    "pid": 14096,
    "index": 56
  },
  {
    "name": "Load \"middlewares\" to Application",
    "start": 1579789201123,
    "end": 1579789201191,
    "duration": 68,
    "pid": 14096,
    "index": 57
  },
  {
    "name": "Load Controller",
    "start": 1579789201200,
    "end": 1579789201202,
    "duration": 2,
    "pid": 14096,
    "index": 58
  },
  {
    "name": "Load \"controller\" to Application",
    "start": 1579789201200,
    "end": 1579789201202,
    "duration": 2,
    "pid": 14096,
    "index": 59
  },
  {
    "name": "Load Router",
    "start": 1579789201202,
    "end": 1579789201204,
    "duration": 2,
    "pid": 14096,
    "index": 60
  },
  {
    "name": "Require(44) app/router.js",
    "start": 1579789201202,
    "end": 1579789201203,
    "duration": 1,
    "pid": 14096,
    "index": 61
  },
  {
    "name": "Before Start in node_modules/egg-core/lib/egg.js:303:10",
    "start": 1579789201203,
    "end": 1579789201210,
    "duration": 7,
    "pid": 14096,
    "index": 62
  }
]