[
  {
    "name": "Application Start",
    "start": 1579789169337,
    "end": 1579789169623,
    "duration": 286,
    "pid": 20824,
    "index": 0
  },
  {
    "name": "Load Plugin",
    "start": 1579789169341,
    "end": 1579789169352,
    "duration": 11,
    "pid": 20824,
    "index": 1
  },
  {
    "name": "Load Config",
    "start": 1579789169352,
    "end": 1579789169369,
    "duration": 17,
    "pid": 20824,
    "index": 2
  },
  {
    "name": "Require(0) config/config.default.js",
    "start": 1579789169352,
    "end": 1579789169352,
    "duration": 0,
    "pid": 20824,
    "index": 3
  },
  {
    "name": "Require(1) node_modules/egg-session/config/config.default.js",
    "start": 1579789169353,
    "end": 1579789169354,
    "duration": 1,
    "pid": 20824,
    "index": 4
  },
  {
    "name": "Require(2) node_modules/egg-security/config/config.default.js",
    "start": 1579789169355,
    "end": 1579789169355,
    "duration": 0,
    "pid": 20824,
    "index": 5
  },
  {
    "name": "Require(3) node_modules/egg-jsonp/config/config.default.js",
    "start": 1579789169356,
    "end": 1579789169356,
    "duration": 0,
    "pid": 20824,
    "index": 6
  },
  {
    "name": "Require(4) node_modules/egg-onerror/config/config.default.js",
    "start": 1579789169357,
    "end": 1579789169357,
    "duration": 0,
    "pid": 20824,
    "index": 7
  },
  {
    "name": "Require(5) node_modules/egg-i18n/config/config.default.js",
    "start": 1579789169357,
    "end": 1579789169357,
    "duration": 0,
    "pid": 20824,
    "index": 8
  },
  {
    "name": "Require(6) node_modules/egg-watcher/config/config.default.js",
    "start": 1579789169358,
    "end": 1579789169358,
    "duration": 0,
    "pid": 20824,
    "index": 9
  },
  {
    "name": "Require(7) node_modules/egg-schedule/config/config.default.js",
    "start": 1579789169359,
    "end": 1579789169359,
    "duration": 0,
    "pid": 20824,
    "index": 10
  },
  {
    "name": "Require(8) node_modules/egg-multipart/config/config.default.js",
    "start": 1579789169359,
    "end": 1579789169360,
    "duration": 1,
    "pid": 20824,
    "index": 11
  },
  {
    "name": "Require(9) node_modules/egg-development/config/config.default.js",
    "start": 1579789169360,
    "end": 1579789169360,
    "duration": 0,
    "pid": 20824,
    "index": 12
  },
  {
    "name": "Require(10) node_modules/egg-logrotator/config/config.default.js",
    "start": 1579789169361,
    "end": 1579789169361,
    "duration": 0,
    "pid": 20824,
    "index": 13
  },
  {
    "name": "Require(11) node_modules/egg-static/config/config.default.js",
    "start": 1579789169361,
    "end": 1579789169362,
    "duration": 1,
    "pid": 20824,
    "index": 14
  },
  {
    "name": "Require(12) node_modules/egg-view/config/config.default.js",
    "start": 1579789169362,
    "end": 1579789169363,
    "duration": 1,
    "pid": 20824,
    "index": 15
  },
  {
    "name": "Require(13) node_modules/egg/config/config.default.js",
    "start": 1579789169363,
    "end": 1579789169364,
    "duration": 1,
    "pid": 20824,
    "index": 16
  },
  {
    "name": "Require(14) config/config.default.js",
    "start": 1579789169365,
    "end": 1579789169365,
    "duration": 0,
    "pid": 20824,
    "index": 17
  },
  {
    "name": "Require(15) node_modules/egg-security/config/config.local.js",
    "start": 1579789169365,
    "end": 1579789169366,
    "duration": 1,
    "pid": 20824,
    "index": 18
  },
  {
    "name": "Require(16) node_modules/egg-watcher/config/config.local.js",
    "start": 1579789169366,
    "end": 1579789169367,
    "duration": 1,
    "pid": 20824,
    "index": 19
  },
  {
    "name": "Require(17) node_modules/egg-view/config/config.local.js",
    "start": 1579789169367,
    "end": 1579789169368,
    "duration": 1,
    "pid": 20824,
    "index": 20
  },
  {
    "name": "Require(18) node_modules/egg/config/config.local.js",
    "start": 1579789169368,
    "end": 1579789169369,
    "duration": 1,
    "pid": 20824,
    "index": 21
  },
  {
    "name": "Load extend/application.js",
    "start": 1579789169370,
    "end": 1579789169382,
    "duration": 12,
    "pid": 20824,
    "index": 22
  },
  {
    "name": "Require(19) node_modules/egg-session/app/extend/application.js",
    "start": 1579789169371,
    "end": 1579789169373,
    "duration": 2,
    "pid": 20824,
    "index": 23
  },
  {
    "name": "Require(20) node_modules/egg-security/app/extend/application.js",
    "start": 1579789169373,
    "end": 1579789169375,
    "duration": 2,
    "pid": 20824,
    "index": 24
  },
  {
    "name": "Require(21) node_modules/egg-jsonp/app/extend/application.js",
    "start": 1579789169375,
    "end": 1579789169376,
    "duration": 1,
    "pid": 20824,
    "index": 25
  },
  {
    "name": "Require(22) node_modules/egg-logrotator/app/extend/application.js",
    "start": 1579789169378,
    "end": 1579789169379,
    "duration": 1,
    "pid": 20824,
    "index": 26
  },
  {
    "name": "Require(23) node_modules/egg-view/app/extend/application.js",
    "start": 1579789169379,
    "end": 1579789169380,
    "duration": 1,
    "pid": 20824,
    "index": 27
  },
  {
    "name": "Load extend/request.js",
    "start": 1579789169382,
    "end": 1579789169387,
    "duration": 5,
    "pid": 20824,
    "index": 28
  },
  {
    "name": "Require(24) node_modules/egg/app/extend/request.js",
    "start": 1579789169384,
    "end": 1579789169385,
    "duration": 1,
    "pid": 20824,
    "index": 29
  },
  {
    "name": "Load extend/response.js",
    "start": 1579789169387,
    "end": 1579789169394,
    "duration": 7,
    "pid": 20824,
    "index": 30
  },
  {
    "name": "Require(25) node_modules/egg/app/extend/response.js",
    "start": 1579789169391,
    "end": 1579789169392,
    "duration": 1,
    "pid": 20824,
    "index": 31
  },
  {
    "name": "Load extend/context.js",
    "start": 1579789169394,
    "end": 1579789169441,
    "duration": 47,
    "pid": 20824,
    "index": 32
  },
  {
    "name": "Require(26) node_modules/egg-security/app/extend/context.js",
    "start": 1579789169395,
    "end": 1579789169402,
    "duration": 7,
    "pid": 20824,
    "index": 33
  },
  {
    "name": "Require(27) node_modules/egg-jsonp/app/extend/context.js",
    "start": 1579789169402,
    "end": 1579789169403,
    "duration": 1,
    "pid": 20824,
    "index": 34
  },
  {
    "name": "Require(28) node_modules/egg-i18n/app/extend/context.js",
    "start": 1579789169404,
    "end": 1579789169404,
    "duration": 0,
    "pid": 20824,
    "index": 35
  },
  {
    "name": "Require(29) node_modules/egg-multipart/app/extend/context.js",
    "start": 1579789169405,
    "end": 1579789169437,
    "duration": 32,
    "pid": 20824,
    "index": 36
  },
  {
    "name": "Require(30) node_modules/egg-view/app/extend/context.js",
    "start": 1579789169437,
    "end": 1579789169438,
    "duration": 1,
    "pid": 20824,
    "index": 37
  },
  {
    "name": "Require(31) node_modules/egg/app/extend/context.js",
    "start": 1579789169439,
    "end": 1579789169439,
    "duration": 0,
    "pid": 20824,
    "index": 38
  },
  {
    "name": "Load extend/helper.js",
    "start": 1579789169441,
    "end": 1579789169460,
    "duration": 19,
    "pid": 20824,
    "index": 39
  },
  {
    "name": "Require(32) node_modules/egg-security/app/extend/helper.js",
    "start": 1579789169442,
    "end": 1579789169456,
    "duration": 14,
    "pid": 20824,
    "index": 40
  },
  {
    "name": "Require(33) node_modules/egg/app/extend/helper.js",
    "start": 1579789169458,
    "end": 1579789169458,
    "duration": 0,
    "pid": 20824,
    "index": 41
  },
  {
    "name": "Load app.js",
    "start": 1579789169460,
    "end": 1579789169497,
    "duration": 37,
    "pid": 20824,
    "index": 42
  },
  {
    "name": "Require(34) node_modules/egg-session/app.js",
    "start": 1579789169460,
    "end": 1579789169461,
    "duration": 1,
    "pid": 20824,
    "index": 43
  },
  {
    "name": "Require(35) node_modules/egg-security/app.js",
    "start": 1579789169461,
    "end": 1579789169462,
    "duration": 1,
    "pid": 20824,
    "index": 44
  },
  {
    "name": "Require(36) node_modules/egg-onerror/app.js",
    "start": 1579789169462,
    "end": 1579789169469,
    "duration": 7,
    "pid": 20824,
    "index": 45
  },
  {
    "name": "Require(37) node_modules/egg-i18n/app.js",
    "start": 1579789169470,
    "end": 1579789169487,
    "duration": 17,
    "pid": 20824,
    "index": 46
  },
  {
    "name": "Require(38) node_modules/egg-watcher/app.js",
    "start": 1579789169487,
    "end": 1579789169490,
    "duration": 3,
    "pid": 20824,
    "index": 47
  },
  {
    "name": "Require(39) node_modules/egg-schedule/app.js",
    "start": 1579789169491,
    "end": 1579789169492,
    "duration": 1,
    "pid": 20824,
    "index": 48
  },
  {
    "name": "Require(40) node_modules/egg-multipart/app.js",
    "start": 1579789169492,
    "end": 1579789169494,
    "duration": 2,
    "pid": 20824,
    "index": 49
  },
  {
    "name": "Require(41) node_modules/egg-development/app.js",
    "start": 1579789169495,
    "end": 1579789169495,
    "duration": 0,
    "pid": 20824,
    "index": 50
  },
  {
    "name": "Require(42) node_modules/egg-logrotator/app.js",
    "start": 1579789169495,
    "end": 1579789169495,
    "duration": 0,
    "pid": 20824,
    "index": 51
  },
  {
    "name": "Require(43) node_modules/egg-static/app.js",
    "start": 1579789169496,
    "end": 1579789169496,
    "duration": 0,
    "pid": 20824,
    "index": 52
  },
  {
    "name": "Before Start in node_modules/egg-watcher/lib/init.js:15:14",
    "start": 1579789169507,
    "end": 1579789169623,
    "duration": 116,
    "pid": 20824,
    "index": 53
  },
  {
    "name": "Load Service",
    "start": 1579789169530,
    "end": 1579789169533,
    "duration": 3,
    "pid": 20824,
    "index": 54
  },
  {
    "name": "Load \"service\" to Context",
    "start": 1579789169530,
    "end": 1579789169533,
    "duration": 3,
    "pid": 20824,
    "index": 55
  },
  {
    "name": "Load Middleware",
    "start": 1579789169533,
    "end": 1579789169607,
    "duration": 74,
    "pid": 20824,
    "index": 56
  },
  {
    "name": "Load \"middlewares\" to Application",
    "start": 1579789169533,
    "end": 1579789169599,
    "duration": 66,
    "pid": 20824,
    "index": 57
  },
  {
    "name": "Load Controller",
    "start": 1579789169607,
    "end": 1579789169608,
    "duration": 1,
    "pid": 20824,
    "index": 58
  },
  {
    "name": "Load \"controller\" to Application",
    "start": 1579789169607,
    "end": 1579789169608,
    "duration": 1,
    "pid": 20824,
    "index": 59
  },
  {
    "name": "Load Router",
    "start": 1579789169608,
    "end": 1579789169610,
    "duration": 2,
    "pid": 20824,
    "index": 60
  },
  {
    "name": "Require(44) app/router.js",
    "start": 1579789169608,
    "end": 1579789169609,
    "duration": 1,
    "pid": 20824,
    "index": 61
  },
  {
    "name": "Before Start in node_modules/egg-core/lib/egg.js:303:10",
    "start": 1579789169609,
    "end": 1579789169616,
    "duration": 7,
    "pid": 20824,
    "index": 62
  }
]