[
  {
    "name": "Application Start",
    "start": 1579789237326,
    "end": 1579789237585,
    "duration": 259,
    "pid": 22232,
    "index": 0
  },
  {
    "name": "Load Plugin",
    "start": 1579789237329,
    "end": 1579789237340,
    "duration": 11,
    "pid": 22232,
    "index": 1
  },
  {
    "name": "Load Config",
    "start": 1579789237340,
    "end": 1579789237356,
    "duration": 16,
    "pid": 22232,
    "index": 2
  },
  {
    "name": "Require(0) config/config.default.js",
    "start": 1579789237341,
    "end": 1579789237341,
    "duration": 0,
    "pid": 22232,
    "index": 3
  },
  {
    "name": "Require(1) node_modules/egg-session/config/config.default.js",
    "start": 1579789237342,
    "end": 1579789237343,
    "duration": 1,
    "pid": 22232,
    "index": 4
  },
  {
    "name": "Require(2) node_modules/egg-security/config/config.default.js",
    "start": 1579789237343,
    "end": 1579789237343,
    "duration": 0,
    "pid": 22232,
    "index": 5
  },
  {
    "name": "Require(3) node_modules/egg-jsonp/config/config.default.js",
    "start": 1579789237344,
    "end": 1579789237344,
    "duration": 0,
    "pid": 22232,
    "index": 6
  },
  {
    "name": "Require(4) node_modules/egg-onerror/config/config.default.js",
    "start": 1579789237345,
    "end": 1579789237345,
    "duration": 0,
    "pid": 22232,
    "index": 7
  },
  {
    "name": "Require(5) node_modules/egg-i18n/config/config.default.js",
    "start": 1579789237345,
    "end": 1579789237346,
    "duration": 1,
    "pid": 22232,
    "index": 8
  },
  {
    "name": "Require(6) node_modules/egg-watcher/config/config.default.js",
    "start": 1579789237346,
    "end": 1579789237347,
    "duration": 1,
    "pid": 22232,
    "index": 9
  },
  {
    "name": "Require(7) node_modules/egg-schedule/config/config.default.js",
    "start": 1579789237347,
    "end": 1579789237347,
    "duration": 0,
    "pid": 22232,
    "index": 10
  },
  {
    "name": "Require(8) node_modules/egg-multipart/config/config.default.js",
    "start": 1579789237348,
    "end": 1579789237348,
    "duration": 0,
    "pid": 22232,
    "index": 11
  },
  {
    "name": "Require(9) node_modules/egg-development/config/config.default.js",
    "start": 1579789237348,
    "end": 1579789237349,
    "duration": 1,
    "pid": 22232,
    "index": 12
  },
  {
    "name": "Require(10) node_modules/egg-logrotator/config/config.default.js",
    "start": 1579789237349,
    "end": 1579789237349,
    "duration": 0,
    "pid": 22232,
    "index": 13
  },
  {
    "name": "Require(11) node_modules/egg-static/config/config.default.js",
    "start": 1579789237350,
    "end": 1579789237350,
    "duration": 0,
    "pid": 22232,
    "index": 14
  },
  {
    "name": "Require(12) node_modules/egg-view/config/config.default.js",
    "start": 1579789237350,
    "end": 1579789237350,
    "duration": 0,
    "pid": 22232,
    "index": 15
  },
  {
    "name": "Require(13) node_modules/egg/config/config.default.js",
    "start": 1579789237351,
    "end": 1579789237351,
    "duration": 0,
    "pid": 22232,
    "index": 16
  },
  {
    "name": "Require(14) config/config.default.js",
    "start": 1579789237352,
    "end": 1579789237352,
    "duration": 0,
    "pid": 22232,
    "index": 17
  },
  {
    "name": "Require(15) node_modules/egg-security/config/config.local.js",
    "start": 1579789237353,
    "end": 1579789237353,
    "duration": 0,
    "pid": 22232,
    "index": 18
  },
  {
    "name": "Require(16) node_modules/egg-watcher/config/config.local.js",
    "start": 1579789237354,
    "end": 1579789237354,
    "duration": 0,
    "pid": 22232,
    "index": 19
  },
  {
    "name": "Require(17) node_modules/egg-view/config/config.local.js",
    "start": 1579789237355,
    "end": 1579789237355,
    "duration": 0,
    "pid": 22232,
    "index": 20
  },
  {
    "name": "Require(18) node_modules/egg/config/config.local.js",
    "start": 1579789237355,
    "end": 1579789237356,
    "duration": 1,
    "pid": 22232,
    "index": 21
  },
  {
    "name": "Load extend/application.js",
    "start": 1579789237357,
    "end": 1579789237366,
    "duration": 9,
    "pid": 22232,
    "index": 22
  },
  {
    "name": "Require(19) node_modules/egg-session/app/extend/application.js",
    "start": 1579789237357,
    "end": 1579789237357,
    "duration": 0,
    "pid": 22232,
    "index": 23
  },
  {
    "name": "Require(20) node_modules/egg-security/app/extend/application.js",
    "start": 1579789237358,
    "end": 1579789237359,
    "duration": 1,
    "pid": 22232,
    "index": 24
  },
  {
    "name": "Require(21) node_modules/egg-jsonp/app/extend/application.js",
    "start": 1579789237359,
    "end": 1579789237360,
    "duration": 1,
    "pid": 22232,
    "index": 25
  },
  {
    "name": "Require(22) node_modules/egg-logrotator/app/extend/application.js",
    "start": 1579789237362,
    "end": 1579789237363,
    "duration": 1,
    "pid": 22232,
    "index": 26
  },
  {
    "name": "Require(23) node_modules/egg-view/app/extend/application.js",
    "start": 1579789237363,
    "end": 1579789237364,
    "duration": 1,
    "pid": 22232,
    "index": 27
  },
  {
    "name": "Load extend/request.js",
    "start": 1579789237366,
    "end": 1579789237371,
    "duration": 5,
    "pid": 22232,
    "index": 28
  },
  {
    "name": "Require(24) node_modules/egg/app/extend/request.js",
    "start": 1579789237368,
    "end": 1579789237369,
    "duration": 1,
    "pid": 22232,
    "index": 29
  },
  {
    "name": "Load extend/response.js",
    "start": 1579789237371,
    "end": 1579789237377,
    "duration": 6,
    "pid": 22232,
    "index": 30
  },
  {
    "name": "Require(25) node_modules/egg/app/extend/response.js",
    "start": 1579789237374,
    "end": 1579789237375,
    "duration": 1,
    "pid": 22232,
    "index": 31
  },
  {
    "name": "Load extend/context.js",
    "start": 1579789237377,
    "end": 1579789237421,
    "duration": 44,
    "pid": 22232,
    "index": 32
  },
  {
    "name": "Require(26) node_modules/egg-security/app/extend/context.js",
    "start": 1579789237378,
    "end": 1579789237385,
    "duration": 7,
    "pid": 22232,
    "index": 33
  },
  {
    "name": "Require(27) node_modules/egg-jsonp/app/extend/context.js",
    "start": 1579789237385,
    "end": 1579789237386,
    "duration": 1,
    "pid": 22232,
    "index": 34
  },
  {
    "name": "Require(28) node_modules/egg-i18n/app/extend/context.js",
    "start": 1579789237386,
    "end": 1579789237387,
    "duration": 1,
    "pid": 22232,
    "index": 35
  },
  {
    "name": "Require(29) node_modules/egg-multipart/app/extend/context.js",
    "start": 1579789237387,
    "end": 1579789237417,
    "duration": 30,
    "pid": 22232,
    "index": 36
  },
  {
    "name": "Require(30) node_modules/egg-view/app/extend/context.js",
    "start": 1579789237418,
    "end": 1579789237419,
    "duration": 1,
    "pid": 22232,
    "index": 37
  },
  {
    "name": "Require(31) node_modules/egg/app/extend/context.js",
    "start": 1579789237419,
    "end": 1579789237420,
    "duration": 1,
    "pid": 22232,
    "index": 38
  },
  {
    "name": "Load extend/helper.js",
    "start": 1579789237422,
    "end": 1579789237441,
    "duration": 19,
    "pid": 22232,
    "index": 39
  },
  {
    "name": "Require(32) node_modules/egg-security/app/extend/helper.js",
    "start": 1579789237422,
    "end": 1579789237437,
    "duration": 15,
    "pid": 22232,
    "index": 40
  },
  {
    "name": "Require(33) node_modules/egg/app/extend/helper.js",
    "start": 1579789237439,
    "end": 1579789237439,
    "duration": 0,
    "pid": 22232,
    "index": 41
  },
  {
    "name": "Load app.js",
    "start": 1579789237441,
    "end": 1579789237472,
    "duration": 31,
    "pid": 22232,
    "index": 42
  },
  {
    "name": "Require(34) node_modules/egg-session/app.js",
    "start": 1579789237441,
    "end": 1579789237442,
    "duration": 1,
    "pid": 22232,
    "index": 43
  },
  {
    "name": "Require(35) node_modules/egg-security/app.js",
    "start": 1579789237442,
    "end": 1579789237444,
    "duration": 2,
    "pid": 22232,
    "index": 44
  },
  {
    "name": "Require(36) node_modules/egg-onerror/app.js",
    "start": 1579789237444,
    "end": 1579789237450,
    "duration": 6,
    "pid": 22232,
    "index": 45
  },
  {
    "name": "Require(37) node_modules/egg-i18n/app.js",
    "start": 1579789237450,
    "end": 1579789237463,
    "duration": 13,
    "pid": 22232,
    "index": 46
  },
  {
    "name": "Require(38) node_modules/egg-watcher/app.js",
    "start": 1579789237463,
    "end": 1579789237466,
    "duration": 3,
    "pid": 22232,
    "index": 47
  },
  {
    "name": "Require(39) node_modules/egg-schedule/app.js",
    "start": 1579789237466,
    "end": 1579789237467,
    "duration": 1,
    "pid": 22232,
    "index": 48
  },
  {
    "name": "Require(40) node_modules/egg-multipart/app.js",
    "start": 1579789237467,
    "end": 1579789237469,
    "duration": 2,
    "pid": 22232,
    "index": 49
  },
  {
    "name": "Require(41) node_modules/egg-development/app.js",
    "start": 1579789237469,
    "end": 1579789237470,
    "duration": 1,
    "pid": 22232,
    "index": 50
  },
  {
    "name": "Require(42) node_modules/egg-logrotator/app.js",
    "start": 1579789237470,
    "end": 1579789237470,
    "duration": 0,
    "pid": 22232,
    "index": 51
  },
  {
    "name": "Require(43) node_modules/egg-static/app.js",
    "start": 1579789237470,
    "end": 1579789237471,
    "duration": 1,
    "pid": 22232,
    "index": 52
  },
  {
    "name": "Before Start in node_modules/egg-watcher/lib/init.js:15:14",
    "start": 1579789237480,
    "end": 1579789237584,
    "duration": 104,
    "pid": 22232,
    "index": 53
  },
  {
    "name": "Load Service",
    "start": 1579789237501,
    "end": 1579789237505,
    "duration": 4,
    "pid": 22232,
    "index": 54
  },
  {
    "name": "Load \"service\" to Context",
    "start": 1579789237502,
    "end": 1579789237505,
    "duration": 3,
    "pid": 22232,
    "index": 55
  },
  {
    "name": "Load Middleware",
    "start": 1579789237505,
    "end": 1579789237569,
    "duration": 64,
    "pid": 22232,
    "index": 56
  },
  {
    "name": "Load \"middlewares\" to Application",
    "start": 1579789237505,
    "end": 1579789237562,
    "duration": 57,
    "pid": 22232,
    "index": 57
  },
  {
    "name": "Load Controller",
    "start": 1579789237569,
    "end": 1579789237571,
    "duration": 2,
    "pid": 22232,
    "index": 58
  },
  {
    "name": "Load \"controller\" to Application",
    "start": 1579789237569,
    "end": 1579789237571,
    "duration": 2,
    "pid": 22232,
    "index": 59
  },
  {
    "name": "Load Router",
    "start": 1579789237571,
    "end": 1579789237572,
    "duration": 1,
    "pid": 22232,
    "index": 60
  },
  {
    "name": "Require(44) app/router.js",
    "start": 1579789237571,
    "end": 1579789237571,
    "duration": 0,
    "pid": 22232,
    "index": 61
  },
  {
    "name": "Before Start in node_modules/egg-core/lib/egg.js:303:10",
    "start": 1579789237571,
    "end": 1579789237578,
    "duration": 7,
    "pid": 22232,
    "index": 62
  }
]