[
  {
    "name": "Application Start",
    "start": 1579789603321,
    "end": 1579789603607,
    "duration": 286,
    "pid": 17468,
    "index": 0
  },
  {
    "name": "Load Plugin",
    "start": 1579789603324,
    "end": 1579789603335,
    "duration": 11,
    "pid": 17468,
    "index": 1
  },
  {
    "name": "Load Config",
    "start": 1579789603335,
    "end": 1579789603351,
    "duration": 16,
    "pid": 17468,
    "index": 2
  },
  {
    "name": "Require(0) config/config.default.js",
    "start": 1579789603336,
    "end": 1579789603336,
    "duration": 0,
    "pid": 17468,
    "index": 3
  },
  {
    "name": "Require(1) node_modules/egg-session/config/config.default.js",
    "start": 1579789603337,
    "end": 1579789603337,
    "duration": 0,
    "pid": 17468,
    "index": 4
  },
  {
    "name": "Require(2) node_modules/egg-security/config/config.default.js",
    "start": 1579789603338,
    "end": 1579789603338,
    "duration": 0,
    "pid": 17468,
    "index": 5
  },
  {
    "name": "Require(3) node_modules/egg-jsonp/config/config.default.js",
    "start": 1579789603339,
    "end": 1579789603339,
    "duration": 0,
    "pid": 17468,
    "index": 6
  },
  {
    "name": "Require(4) node_modules/egg-onerror/config/config.default.js",
    "start": 1579789603339,
    "end": 1579789603340,
    "duration": 1,
    "pid": 17468,
    "index": 7
  },
  {
    "name": "Require(5) node_modules/egg-i18n/config/config.default.js",
    "start": 1579789603340,
    "end": 1579789603340,
    "duration": 0,
    "pid": 17468,
    "index": 8
  },
  {
    "name": "Require(6) node_modules/egg-watcher/config/config.default.js",
    "start": 1579789603341,
    "end": 1579789603341,
    "duration": 0,
    "pid": 17468,
    "index": 9
  },
  {
    "name": "Require(7) node_modules/egg-schedule/config/config.default.js",
    "start": 1579789603341,
    "end": 1579789603342,
    "duration": 1,
    "pid": 17468,
    "index": 10
  },
  {
    "name": "Require(8) node_modules/egg-multipart/config/config.default.js",
    "start": 1579789603342,
    "end": 1579789603342,
    "duration": 0,
    "pid": 17468,
    "index": 11
  },
  {
    "name": "Require(9) node_modules/egg-development/config/config.default.js",
    "start": 1579789603343,
    "end": 1579789603343,
    "duration": 0,
    "pid": 17468,
    "index": 12
  },
  {
    "name": "Require(10) node_modules/egg-logrotator/config/config.default.js",
    "start": 1579789603344,
    "end": 1579789603344,
    "duration": 0,
    "pid": 17468,
    "index": 13
  },
  {
    "name": "Require(11) node_modules/egg-static/config/config.default.js",
    "start": 1579789603344,
    "end": 1579789603345,
    "duration": 1,
    "pid": 17468,
    "index": 14
  },
  {
    "name": "Require(12) node_modules/egg-view/config/config.default.js",
    "start": 1579789603345,
    "end": 1579789603345,
    "duration": 0,
    "pid": 17468,
    "index": 15
  },
  {
    "name": "Require(13) node_modules/egg/config/config.default.js",
    "start": 1579789603346,
    "end": 1579789603346,
    "duration": 0,
    "pid": 17468,
    "index": 16
  },
  {
    "name": "Require(14) config/config.default.js",
    "start": 1579789603347,
    "end": 1579789603347,
    "duration": 0,
    "pid": 17468,
    "index": 17
  },
  {
    "name": "Require(15) node_modules/egg-security/config/config.local.js",
    "start": 1579789603348,
    "end": 1579789603348,
    "duration": 0,
    "pid": 17468,
    "index": 18
  },
  {
    "name": "Require(16) node_modules/egg-watcher/config/config.local.js",
    "start": 1579789603349,
    "end": 1579789603349,
    "duration": 0,
    "pid": 17468,
    "index": 19
  },
  {
    "name": "Require(17) node_modules/egg-view/config/config.local.js",
    "start": 1579789603350,
    "end": 1579789603350,
    "duration": 0,
    "pid": 17468,
    "index": 20
  },
  {
    "name": "Require(18) node_modules/egg/config/config.local.js",
    "start": 1579789603350,
    "end": 1579789603351,
    "duration": 1,
    "pid": 17468,
    "index": 21
  },
  {
    "name": "Load extend/application.js",
    "start": 1579789603352,
    "end": 1579789603361,
    "duration": 9,
    "pid": 17468,
    "index": 22
  },
  {
    "name": "Require(19) node_modules/egg-session/app/extend/application.js",
    "start": 1579789603352,
    "end": 1579789603353,
    "duration": 1,
    "pid": 17468,
    "index": 23
  },
  {
    "name": "Require(20) node_modules/egg-security/app/extend/application.js",
    "start": 1579789603353,
    "end": 1579789603354,
    "duration": 1,
    "pid": 17468,
    "index": 24
  },
  {
    "name": "Require(21) node_modules/egg-jsonp/app/extend/application.js",
    "start": 1579789603354,
    "end": 1579789603355,
    "duration": 1,
    "pid": 17468,
    "index": 25
  },
  {
    "name": "Require(22) node_modules/egg-logrotator/app/extend/application.js",
    "start": 1579789603356,
    "end": 1579789603358,
    "duration": 2,
    "pid": 17468,
    "index": 26
  },
  {
    "name": "Require(23) node_modules/egg-view/app/extend/application.js",
    "start": 1579789603358,
    "end": 1579789603359,
    "duration": 1,
    "pid": 17468,
    "index": 27
  },
  {
    "name": "Load extend/request.js",
    "start": 1579789603361,
    "end": 1579789603366,
    "duration": 5,
    "pid": 17468,
    "index": 28
  },
  {
    "name": "Require(24) node_modules/egg/app/extend/request.js",
    "start": 1579789603363,
    "end": 1579789603364,
    "duration": 1,
    "pid": 17468,
    "index": 29
  },
  {
    "name": "Load extend/response.js",
    "start": 1579789603366,
    "end": 1579789603372,
    "duration": 6,
    "pid": 17468,
    "index": 30
  },
  {
    "name": "Require(25) node_modules/egg/app/extend/response.js",
    "start": 1579789603369,
    "end": 1579789603370,
    "duration": 1,
    "pid": 17468,
    "index": 31
  },
  {
    "name": "Load extend/context.js",
    "start": 1579789603372,
    "end": 1579789603419,
    "duration": 47,
    "pid": 17468,
    "index": 32
  },
  {
    "name": "Require(26) node_modules/egg-security/app/extend/context.js",
    "start": 1579789603372,
    "end": 1579789603379,
    "duration": 7,
    "pid": 17468,
    "index": 33
  },
  {
    "name": "Require(27) node_modules/egg-jsonp/app/extend/context.js",
    "start": 1579789603379,
    "end": 1579789603380,
    "duration": 1,
    "pid": 17468,
    "index": 34
  },
  {
    "name": "Require(28) node_modules/egg-i18n/app/extend/context.js",
    "start": 1579789603381,
    "end": 1579789603381,
    "duration": 0,
    "pid": 17468,
    "index": 35
  },
  {
    "name": "Require(29) node_modules/egg-multipart/app/extend/context.js",
    "start": 1579789603382,
    "end": 1579789603413,
    "duration": 31,
    "pid": 17468,
    "index": 36
  },
  {
    "name": "Require(30) node_modules/egg-view/app/extend/context.js",
    "start": 1579789603414,
    "end": 1579789603416,
    "duration": 2,
    "pid": 17468,
    "index": 37
  },
  {
    "name": "Require(31) node_modules/egg/app/extend/context.js",
    "start": 1579789603416,
    "end": 1579789603417,
    "duration": 1,
    "pid": 17468,
    "index": 38
  },
  {
    "name": "Load extend/helper.js",
    "start": 1579789603419,
    "end": 1579789603443,
    "duration": 24,
    "pid": 17468,
    "index": 39
  },
  {
    "name": "Require(32) node_modules/egg-security/app/extend/helper.js",
    "start": 1579789603420,
    "end": 1579789603438,
    "duration": 18,
    "pid": 17468,
    "index": 40
  },
  {
    "name": "Require(33) node_modules/egg/app/extend/helper.js",
    "start": 1579789603439,
    "end": 1579789603440,
    "duration": 1,
    "pid": 17468,
    "index": 41
  },
  {
    "name": "Load app.js",
    "start": 1579789603443,
    "end": 1579789603483,
    "duration": 40,
    "pid": 17468,
    "index": 42
  },
  {
    "name": "Require(34) node_modules/egg-session/app.js",
    "start": 1579789603443,
    "end": 1579789603444,
    "duration": 1,
    "pid": 17468,
    "index": 43
  },
  {
    "name": "Require(35) node_modules/egg-security/app.js",
    "start": 1579789603444,
    "end": 1579789603445,
    "duration": 1,
    "pid": 17468,
    "index": 44
  },
  {
    "name": "Require(36) node_modules/egg-onerror/app.js",
    "start": 1579789603446,
    "end": 1579789603457,
    "duration": 11,
    "pid": 17468,
    "index": 45
  },
  {
    "name": "Require(37) node_modules/egg-i18n/app.js",
    "start": 1579789603457,
    "end": 1579789603473,
    "duration": 16,
    "pid": 17468,
    "index": 46
  },
  {
    "name": "Require(38) node_modules/egg-watcher/app.js",
    "start": 1579789603473,
    "end": 1579789603476,
    "duration": 3,
    "pid": 17468,
    "index": 47
  },
  {
    "name": "Require(39) node_modules/egg-schedule/app.js",
    "start": 1579789603477,
    "end": 1579789603478,
    "duration": 1,
    "pid": 17468,
    "index": 48
  },
  {
    "name": "Require(40) node_modules/egg-multipart/app.js",
    "start": 1579789603478,
    "end": 1579789603480,
    "duration": 2,
    "pid": 17468,
    "index": 49
  },
  {
    "name": "Require(41) node_modules/egg-development/app.js",
    "start": 1579789603480,
    "end": 1579789603481,
    "duration": 1,
    "pid": 17468,
    "index": 50
  },
  {
    "name": "Require(42) node_modules/egg-logrotator/app.js",
    "start": 1579789603481,
    "end": 1579789603481,
    "duration": 0,
    "pid": 17468,
    "index": 51
  },
  {
    "name": "Require(43) node_modules/egg-static/app.js",
    "start": 1579789603482,
    "end": 1579789603482,
    "duration": 0,
    "pid": 17468,
    "index": 52
  },
  {
    "name": "Before Start in node_modules/egg-watcher/lib/init.js:15:14",
    "start": 1579789603491,
    "end": 1579789603606,
    "duration": 115,
    "pid": 17468,
    "index": 53
  },
  {
    "name": "Load Service",
    "start": 1579789603516,
    "end": 1579789603519,
    "duration": 3,
    "pid": 17468,
    "index": 54
  },
  {
    "name": "Load \"service\" to Context",
    "start": 1579789603516,
    "end": 1579789603519,
    "duration": 3,
    "pid": 17468,
    "index": 55
  },
  {
    "name": "Load Middleware",
    "start": 1579789603520,
    "end": 1579789603589,
    "duration": 69,
    "pid": 17468,
    "index": 56
  },
  {
    "name": "Load \"middlewares\" to Application",
    "start": 1579789603520,
    "end": 1579789603583,
    "duration": 63,
    "pid": 17468,
    "index": 57
  },
  {
    "name": "Load Controller",
    "start": 1579789603589,
    "end": 1579789603591,
    "duration": 2,
    "pid": 17468,
    "index": 58
  },
  {
    "name": "Load \"controller\" to Application",
    "start": 1579789603589,
    "end": 1579789603591,
    "duration": 2,
    "pid": 17468,
    "index": 59
  },
  {
    "name": "Load Router",
    "start": 1579789603591,
    "end": 1579789603593,
    "duration": 2,
    "pid": 17468,
    "index": 60
  },
  {
    "name": "Require(44) app/router.js",
    "start": 1579789603591,
    "end": 1579789603591,
    "duration": 0,
    "pid": 17468,
    "index": 61
  },
  {
    "name": "Before Start in node_modules/egg-core/lib/egg.js:303:10",
    "start": 1579789603592,
    "end": 1579789603599,
    "duration": 7,
    "pid": 17468,
    "index": 62
  }
]