[
  {
    "name": "Application Start",
    "start": 1579789798678,
    "end": 1579789798947,
    "duration": 269,
    "pid": 17640,
    "index": 0
  },
  {
    "name": "Load Plugin",
    "start": 1579789798681,
    "end": 1579789798694,
    "duration": 13,
    "pid": 17640,
    "index": 1
  },
  {
    "name": "Load Config",
    "start": 1579789798694,
    "end": 1579789798709,
    "duration": 15,
    "pid": 17640,
    "index": 2
  },
  {
    "name": "Require(0) config/config.default.js",
    "start": 1579789798694,
    "end": 1579789798694,
    "duration": 0,
    "pid": 17640,
    "index": 3
  },
  {
    "name": "Require(1) node_modules/egg-session/config/config.default.js",
    "start": 1579789798695,
    "end": 1579789798696,
    "duration": 1,
    "pid": 17640,
    "index": 4
  },
  {
    "name": "Require(2) node_modules/egg-security/config/config.default.js",
    "start": 1579789798696,
    "end": 1579789798697,
    "duration": 1,
    "pid": 17640,
    "index": 5
  },
  {
    "name": "Require(3) node_modules/egg-jsonp/config/config.default.js",
    "start": 1579789798697,
    "end": 1579789798698,
    "duration": 1,
    "pid": 17640,
    "index": 6
  },
  {
    "name": "Require(4) node_modules/egg-onerror/config/config.default.js",
    "start": 1579789798698,
    "end": 1579789798698,
    "duration": 0,
    "pid": 17640,
    "index": 7
  },
  {
    "name": "Require(5) node_modules/egg-i18n/config/config.default.js",
    "start": 1579789798699,
    "end": 1579789798699,
    "duration": 0,
    "pid": 17640,
    "index": 8
  },
  {
    "name": "Require(6) node_modules/egg-watcher/config/config.default.js",
    "start": 1579789798699,
    "end": 1579789798700,
    "duration": 1,
    "pid": 17640,
    "index": 9
  },
  {
    "name": "Require(7) node_modules/egg-schedule/config/config.default.js",
    "start": 1579789798700,
    "end": 1579789798700,
    "duration": 0,
    "pid": 17640,
    "index": 10
  },
  {
    "name": "Require(8) node_modules/egg-multipart/config/config.default.js",
    "start": 1579789798701,
    "end": 1579789798701,
    "duration": 0,
    "pid": 17640,
    "index": 11
  },
  {
    "name": "Require(9) node_modules/egg-development/config/config.default.js",
    "start": 1579789798702,
    "end": 1579789798702,
    "duration": 0,
    "pid": 17640,
    "index": 12
  },
  {
    "name": "Require(10) node_modules/egg-logrotator/config/config.default.js",
    "start": 1579789798702,
    "end": 1579789798702,
    "duration": 0,
    "pid": 17640,
    "index": 13
  },
  {
    "name": "Require(11) node_modules/egg-static/config/config.default.js",
    "start": 1579789798703,
    "end": 1579789798703,
    "duration": 0,
    "pid": 17640,
    "index": 14
  },
  {
    "name": "Require(12) node_modules/egg-view/config/config.default.js",
    "start": 1579789798703,
    "end": 1579789798704,
    "duration": 1,
    "pid": 17640,
    "index": 15
  },
  {
    "name": "Require(13) node_modules/egg/config/config.default.js",
    "start": 1579789798704,
    "end": 1579789798705,
    "duration": 1,
    "pid": 17640,
    "index": 16
  },
  {
    "name": "Require(14) config/config.default.js",
    "start": 1579789798706,
    "end": 1579789798706,
    "duration": 0,
    "pid": 17640,
    "index": 17
  },
  {
    "name": "Require(15) node_modules/egg-security/config/config.local.js",
    "start": 1579789798706,
    "end": 1579789798707,
    "duration": 1,
    "pid": 17640,
    "index": 18
  },
  {
    "name": "Require(16) node_modules/egg-watcher/config/config.local.js",
    "start": 1579789798707,
    "end": 1579789798707,
    "duration": 0,
    "pid": 17640,
    "index": 19
  },
  {
    "name": "Require(17) node_modules/egg-view/config/config.local.js",
    "start": 1579789798708,
    "end": 1579789798709,
    "duration": 1,
    "pid": 17640,
    "index": 20
  },
  {
    "name": "Require(18) node_modules/egg/config/config.local.js",
    "start": 1579789798709,
    "end": 1579789798709,
    "duration": 0,
    "pid": 17640,
    "index": 21
  },
  {
    "name": "Load extend/application.js",
    "start": 1579789798710,
    "end": 1579789798720,
    "duration": 10,
    "pid": 17640,
    "index": 22
  },
  {
    "name": "Require(19) node_modules/egg-session/app/extend/application.js",
    "start": 1579789798711,
    "end": 1579789798711,
    "duration": 0,
    "pid": 17640,
    "index": 23
  },
  {
    "name": "Require(20) node_modules/egg-security/app/extend/application.js",
    "start": 1579789798711,
    "end": 1579789798712,
    "duration": 1,
    "pid": 17640,
    "index": 24
  },
  {
    "name": "Require(21) node_modules/egg-jsonp/app/extend/application.js",
    "start": 1579789798713,
    "end": 1579789798714,
    "duration": 1,
    "pid": 17640,
    "index": 25
  },
  {
    "name": "Require(22) node_modules/egg-logrotator/app/extend/application.js",
    "start": 1579789798715,
    "end": 1579789798716,
    "duration": 1,
    "pid": 17640,
    "index": 26
  },
  {
    "name": "Require(23) node_modules/egg-view/app/extend/application.js",
    "start": 1579789798716,
    "end": 1579789798718,
    "duration": 2,
    "pid": 17640,
    "index": 27
  },
  {
    "name": "Load extend/request.js",
    "start": 1579789798720,
    "end": 1579789798724,
    "duration": 4,
    "pid": 17640,
    "index": 28
  },
  {
    "name": "Require(24) node_modules/egg/app/extend/request.js",
    "start": 1579789798721,
    "end": 1579789798722,
    "duration": 1,
    "pid": 17640,
    "index": 29
  },
  {
    "name": "Load extend/response.js",
    "start": 1579789798724,
    "end": 1579789798730,
    "duration": 6,
    "pid": 17640,
    "index": 30
  },
  {
    "name": "Require(25) node_modules/egg/app/extend/response.js",
    "start": 1579789798727,
    "end": 1579789798728,
    "duration": 1,
    "pid": 17640,
    "index": 31
  },
  {
    "name": "Load extend/context.js",
    "start": 1579789798730,
    "end": 1579789798773,
    "duration": 43,
    "pid": 17640,
    "index": 32
  },
  {
    "name": "Require(26) node_modules/egg-security/app/extend/context.js",
    "start": 1579789798731,
    "end": 1579789798737,
    "duration": 6,
    "pid": 17640,
    "index": 33
  },
  {
    "name": "Require(27) node_modules/egg-jsonp/app/extend/context.js",
    "start": 1579789798738,
    "end": 1579789798739,
    "duration": 1,
    "pid": 17640,
    "index": 34
  },
  {
    "name": "Require(28) node_modules/egg-i18n/app/extend/context.js",
    "start": 1579789798739,
    "end": 1579789798739,
    "duration": 0,
    "pid": 17640,
    "index": 35
  },
  {
    "name": "Require(29) node_modules/egg-multipart/app/extend/context.js",
    "start": 1579789798740,
    "end": 1579789798768,
    "duration": 28,
    "pid": 17640,
    "index": 36
  },
  {
    "name": "Require(30) node_modules/egg-view/app/extend/context.js",
    "start": 1579789798769,
    "end": 1579789798770,
    "duration": 1,
    "pid": 17640,
    "index": 37
  },
  {
    "name": "Require(31) node_modules/egg/app/extend/context.js",
    "start": 1579789798770,
    "end": 1579789798771,
    "duration": 1,
    "pid": 17640,
    "index": 38
  },
  {
    "name": "Load extend/helper.js",
    "start": 1579789798773,
    "end": 1579789798793,
    "duration": 20,
    "pid": 17640,
    "index": 39
  },
  {
    "name": "Require(32) node_modules/egg-security/app/extend/helper.js",
    "start": 1579789798773,
    "end": 1579789798789,
    "duration": 16,
    "pid": 17640,
    "index": 40
  },
  {
    "name": "Require(33) node_modules/egg/app/extend/helper.js",
    "start": 1579789798790,
    "end": 1579789798790,
    "duration": 0,
    "pid": 17640,
    "index": 41
  },
  {
    "name": "Load app.js",
    "start": 1579789798793,
    "end": 1579789798827,
    "duration": 34,
    "pid": 17640,
    "index": 42
  },
  {
    "name": "Require(34) node_modules/egg-session/app.js",
    "start": 1579789798793,
    "end": 1579789798794,
    "duration": 1,
    "pid": 17640,
    "index": 43
  },
  {
    "name": "Require(35) node_modules/egg-security/app.js",
    "start": 1579789798794,
    "end": 1579789798795,
    "duration": 1,
    "pid": 17640,
    "index": 44
  },
  {
    "name": "Require(36) node_modules/egg-onerror/app.js",
    "start": 1579789798796,
    "end": 1579789798803,
    "duration": 7,
    "pid": 17640,
    "index": 45
  },
  {
    "name": "Require(37) node_modules/egg-i18n/app.js",
    "start": 1579789798803,
    "end": 1579789798818,
    "duration": 15,
    "pid": 17640,
    "index": 46
  },
  {
    "name": "Require(38) node_modules/egg-watcher/app.js",
    "start": 1579789798818,
    "end": 1579789798821,
    "duration": 3,
    "pid": 17640,
    "index": 47
  },
  {
    "name": "Require(39) node_modules/egg-schedule/app.js",
    "start": 1579789798821,
    "end": 1579789798822,
    "duration": 1,
    "pid": 17640,
    "index": 48
  },
  {
    "name": "Require(40) node_modules/egg-multipart/app.js",
    "start": 1579789798822,
    "end": 1579789798824,
    "duration": 2,
    "pid": 17640,
    "index": 49
  },
  {
    "name": "Require(41) node_modules/egg-development/app.js",
    "start": 1579789798825,
    "end": 1579789798825,
    "duration": 0,
    "pid": 17640,
    "index": 50
  },
  {
    "name": "Require(42) node_modules/egg-logrotator/app.js",
    "start": 1579789798825,
    "end": 1579789798826,
    "duration": 1,
    "pid": 17640,
    "index": 51
  },
  {
    "name": "Require(43) node_modules/egg-static/app.js",
    "start": 1579789798826,
    "end": 1579789798826,
    "duration": 0,
    "pid": 17640,
    "index": 52
  },
  {
    "name": "Before Start in node_modules/egg-watcher/lib/init.js:15:14",
    "start": 1579789798835,
    "end": 1579789798947,
    "duration": 112,
    "pid": 17640,
    "index": 53
  },
  {
    "name": "Load Service",
    "start": 1579789798857,
    "end": 1579789798860,
    "duration": 3,
    "pid": 17640,
    "index": 54
  },
  {
    "name": "Load \"service\" to Context",
    "start": 1579789798857,
    "end": 1579789798860,
    "duration": 3,
    "pid": 17640,
    "index": 55
  },
  {
    "name": "Load Middleware",
    "start": 1579789798860,
    "end": 1579789798931,
    "duration": 71,
    "pid": 17640,
    "index": 56
  },
  {
    "name": "Load \"middlewares\" to Application",
    "start": 1579789798860,
    "end": 1579789798924,
    "duration": 64,
    "pid": 17640,
    "index": 57
  },
  {
    "name": "Load Controller",
    "start": 1579789798931,
    "end": 1579789798933,
    "duration": 2,
    "pid": 17640,
    "index": 58
  },
  {
    "name": "Load \"controller\" to Application",
    "start": 1579789798932,
    "end": 1579789798933,
    "duration": 1,
    "pid": 17640,
    "index": 59
  },
  {
    "name": "Load Router",
    "start": 1579789798933,
    "end": 1579789798935,
    "duration": 2,
    "pid": 17640,
    "index": 60
  },
  {
    "name": "Require(44) app/router.js",
    "start": 1579789798933,
    "end": 1579789798933,
    "duration": 0,
    "pid": 17640,
    "index": 61
  },
  {
    "name": "Before Start in node_modules/egg-core/lib/egg.js:303:10",
    "start": 1579789798934,
    "end": 1579789798941,
    "duration": 7,
    "pid": 17640,
    "index": 62
  }
]