[
  {
    "name": "Application Start",
    "start": 1579789698614,
    "end": 1579789698897,
    "duration": 283,
    "pid": 20384,
    "index": 0
  },
  {
    "name": "Load Plugin",
    "start": 1579789698617,
    "end": 1579789698629,
    "duration": 12,
    "pid": 20384,
    "index": 1
  },
  {
    "name": "Load Config",
    "start": 1579789698629,
    "end": 1579789698647,
    "duration": 18,
    "pid": 20384,
    "index": 2
  },
  {
    "name": "Require(0) config/config.default.js",
    "start": 1579789698630,
    "end": 1579789698630,
    "duration": 0,
    "pid": 20384,
    "index": 3
  },
  {
    "name": "Require(1) node_modules/egg-session/config/config.default.js",
    "start": 1579789698631,
    "end": 1579789698632,
    "duration": 1,
    "pid": 20384,
    "index": 4
  },
  {
    "name": "Require(2) node_modules/egg-security/config/config.default.js",
    "start": 1579789698632,
    "end": 1579789698633,
    "duration": 1,
    "pid": 20384,
    "index": 5
  },
  {
    "name": "Require(3) node_modules/egg-jsonp/config/config.default.js",
    "start": 1579789698634,
    "end": 1579789698634,
    "duration": 0,
    "pid": 20384,
    "index": 6
  },
  {
    "name": "Require(4) node_modules/egg-onerror/config/config.default.js",
    "start": 1579789698634,
    "end": 1579789698635,
    "duration": 1,
    "pid": 20384,
    "index": 7
  },
  {
    "name": "Require(5) node_modules/egg-i18n/config/config.default.js",
    "start": 1579789698635,
    "end": 1579789698635,
    "duration": 0,
    "pid": 20384,
    "index": 8
  },
  {
    "name": "Require(6) node_modules/egg-watcher/config/config.default.js",
    "start": 1579789698636,
    "end": 1579789698636,
    "duration": 0,
    "pid": 20384,
    "index": 9
  },
  {
    "name": "Require(7) node_modules/egg-schedule/config/config.default.js",
    "start": 1579789698636,
    "end": 1579789698637,
    "duration": 1,
    "pid": 20384,
    "index": 10
  },
  {
    "name": "Require(8) node_modules/egg-multipart/config/config.default.js",
    "start": 1579789698637,
    "end": 1579789698638,
    "duration": 1,
    "pid": 20384,
    "index": 11
  },
  {
    "name": "Require(9) node_modules/egg-development/config/config.default.js",
    "start": 1579789698638,
    "end": 1579789698639,
    "duration": 1,
    "pid": 20384,
    "index": 12
  },
  {
    "name": "Require(10) node_modules/egg-logrotator/config/config.default.js",
    "start": 1579789698639,
    "end": 1579789698639,
    "duration": 0,
    "pid": 20384,
    "index": 13
  },
  {
    "name": "Require(11) node_modules/egg-static/config/config.default.js",
    "start": 1579789698639,
    "end": 1579789698640,
    "duration": 1,
    "pid": 20384,
    "index": 14
  },
  {
    "name": "Require(12) node_modules/egg-view/config/config.default.js",
    "start": 1579789698640,
    "end": 1579789698641,
    "duration": 1,
    "pid": 20384,
    "index": 15
  },
  {
    "name": "Require(13) node_modules/egg/config/config.default.js",
    "start": 1579789698641,
    "end": 1579789698641,
    "duration": 0,
    "pid": 20384,
    "index": 16
  },
  {
    "name": "Require(14) config/config.default.js",
    "start": 1579789698642,
    "end": 1579789698642,
    "duration": 0,
    "pid": 20384,
    "index": 17
  },
  {
    "name": "Require(15) node_modules/egg-security/config/config.local.js",
    "start": 1579789698643,
    "end": 1579789698643,
    "duration": 0,
    "pid": 20384,
    "index": 18
  },
  {
    "name": "Require(16) node_modules/egg-watcher/config/config.local.js",
    "start": 1579789698644,
    "end": 1579789698644,
    "duration": 0,
    "pid": 20384,
    "index": 19
  },
  {
    "name": "Require(17) node_modules/egg-view/config/config.local.js",
    "start": 1579789698645,
    "end": 1579789698646,
    "duration": 1,
    "pid": 20384,
    "index": 20
  },
  {
    "name": "Require(18) node_modules/egg/config/config.local.js",
    "start": 1579789698646,
    "end": 1579789698647,
    "duration": 1,
    "pid": 20384,
    "index": 21
  },
  {
    "name": "Load extend/application.js",
    "start": 1579789698648,
    "end": 1579789698660,
    "duration": 12,
    "pid": 20384,
    "index": 22
  },
  {
    "name": "Require(19) node_modules/egg-session/app/extend/application.js",
    "start": 1579789698648,
    "end": 1579789698649,
    "duration": 1,
    "pid": 20384,
    "index": 23
  },
  {
    "name": "Require(20) node_modules/egg-security/app/extend/application.js",
    "start": 1579789698649,
    "end": 1579789698650,
    "duration": 1,
    "pid": 20384,
    "index": 24
  },
  {
    "name": "Require(21) node_modules/egg-jsonp/app/extend/application.js",
    "start": 1579789698651,
    "end": 1579789698652,
    "duration": 1,
    "pid": 20384,
    "index": 25
  },
  {
    "name": "Require(22) node_modules/egg-logrotator/app/extend/application.js",
    "start": 1579789698653,
    "end": 1579789698656,
    "duration": 3,
    "pid": 20384,
    "index": 26
  },
  {
    "name": "Require(23) node_modules/egg-view/app/extend/application.js",
    "start": 1579789698657,
    "end": 1579789698658,
    "duration": 1,
    "pid": 20384,
    "index": 27
  },
  {
    "name": "Load extend/request.js",
    "start": 1579789698660,
    "end": 1579789698665,
    "duration": 5,
    "pid": 20384,
    "index": 28
  },
  {
    "name": "Require(24) node_modules/egg/app/extend/request.js",
    "start": 1579789698662,
    "end": 1579789698663,
    "duration": 1,
    "pid": 20384,
    "index": 29
  },
  {
    "name": "Load extend/response.js",
    "start": 1579789698665,
    "end": 1579789698671,
    "duration": 6,
    "pid": 20384,
    "index": 30
  },
  {
    "name": "Require(25) node_modules/egg/app/extend/response.js",
    "start": 1579789698668,
    "end": 1579789698669,
    "duration": 1,
    "pid": 20384,
    "index": 31
  },
  {
    "name": "Load extend/context.js",
    "start": 1579789698671,
    "end": 1579789698718,
    "duration": 47,
    "pid": 20384,
    "index": 32
  },
  {
    "name": "Require(26) node_modules/egg-security/app/extend/context.js",
    "start": 1579789698672,
    "end": 1579789698678,
    "duration": 6,
    "pid": 20384,
    "index": 33
  },
  {
    "name": "Require(27) node_modules/egg-jsonp/app/extend/context.js",
    "start": 1579789698679,
    "end": 1579789698680,
    "duration": 1,
    "pid": 20384,
    "index": 34
  },
  {
    "name": "Require(28) node_modules/egg-i18n/app/extend/context.js",
    "start": 1579789698680,
    "end": 1579789698681,
    "duration": 1,
    "pid": 20384,
    "index": 35
  },
  {
    "name": "Require(29) node_modules/egg-multipart/app/extend/context.js",
    "start": 1579789698681,
    "end": 1579789698713,
    "duration": 32,
    "pid": 20384,
    "index": 36
  },
  {
    "name": "Require(30) node_modules/egg-view/app/extend/context.js",
    "start": 1579789698714,
    "end": 1579789698715,
    "duration": 1,
    "pid": 20384,
    "index": 37
  },
  {
    "name": "Require(31) node_modules/egg/app/extend/context.js",
    "start": 1579789698715,
    "end": 1579789698716,
    "duration": 1,
    "pid": 20384,
    "index": 38
  },
  {
    "name": "Load extend/helper.js",
    "start": 1579789698718,
    "end": 1579789698738,
    "duration": 20,
    "pid": 20384,
    "index": 39
  },
  {
    "name": "Require(32) node_modules/egg-security/app/extend/helper.js",
    "start": 1579789698718,
    "end": 1579789698734,
    "duration": 16,
    "pid": 20384,
    "index": 40
  },
  {
    "name": "Require(33) node_modules/egg/app/extend/helper.js",
    "start": 1579789698735,
    "end": 1579789698736,
    "duration": 1,
    "pid": 20384,
    "index": 41
  },
  {
    "name": "Load app.js",
    "start": 1579789698738,
    "end": 1579789698771,
    "duration": 33,
    "pid": 20384,
    "index": 42
  },
  {
    "name": "Require(34) node_modules/egg-session/app.js",
    "start": 1579789698739,
    "end": 1579789698739,
    "duration": 0,
    "pid": 20384,
    "index": 43
  },
  {
    "name": "Require(35) node_modules/egg-security/app.js",
    "start": 1579789698740,
    "end": 1579789698741,
    "duration": 1,
    "pid": 20384,
    "index": 44
  },
  {
    "name": "Require(36) node_modules/egg-onerror/app.js",
    "start": 1579789698741,
    "end": 1579789698749,
    "duration": 8,
    "pid": 20384,
    "index": 45
  },
  {
    "name": "Require(37) node_modules/egg-i18n/app.js",
    "start": 1579789698749,
    "end": 1579789698762,
    "duration": 13,
    "pid": 20384,
    "index": 46
  },
  {
    "name": "Require(38) node_modules/egg-watcher/app.js",
    "start": 1579789698762,
    "end": 1579789698765,
    "duration": 3,
    "pid": 20384,
    "index": 47
  },
  {
    "name": "Require(39) node_modules/egg-schedule/app.js",
    "start": 1579789698766,
    "end": 1579789698767,
    "duration": 1,
    "pid": 20384,
    "index": 48
  },
  {
    "name": "Require(40) node_modules/egg-multipart/app.js",
    "start": 1579789698767,
    "end": 1579789698769,
    "duration": 2,
    "pid": 20384,
    "index": 49
  },
  {
    "name": "Require(41) node_modules/egg-development/app.js",
    "start": 1579789698769,
    "end": 1579789698769,
    "duration": 0,
    "pid": 20384,
    "index": 50
  },
  {
    "name": "Require(42) node_modules/egg-logrotator/app.js",
    "start": 1579789698770,
    "end": 1579789698770,
    "duration": 0,
    "pid": 20384,
    "index": 51
  },
  {
    "name": "Require(43) node_modules/egg-static/app.js",
    "start": 1579789698770,
    "end": 1579789698770,
    "duration": 0,
    "pid": 20384,
    "index": 52
  },
  {
    "name": "Before Start in node_modules/egg-watcher/lib/init.js:15:14",
    "start": 1579789698780,
    "end": 1579789698896,
    "duration": 116,
    "pid": 20384,
    "index": 53
  },
  {
    "name": "Load Service",
    "start": 1579789698803,
    "end": 1579789698807,
    "duration": 4,
    "pid": 20384,
    "index": 54
  },
  {
    "name": "Load \"service\" to Context",
    "start": 1579789698804,
    "end": 1579789698807,
    "duration": 3,
    "pid": 20384,
    "index": 55
  },
  {
    "name": "Load Middleware",
    "start": 1579789698807,
    "end": 1579789698880,
    "duration": 73,
    "pid": 20384,
    "index": 56
  },
  {
    "name": "Load \"middlewares\" to Application",
    "start": 1579789698807,
    "end": 1579789698872,
    "duration": 65,
    "pid": 20384,
    "index": 57
  },
  {
    "name": "Load Controller",
    "start": 1579789698880,
    "end": 1579789698882,
    "duration": 2,
    "pid": 20384,
    "index": 58
  },
  {
    "name": "Load \"controller\" to Application",
    "start": 1579789698880,
    "end": 1579789698882,
    "duration": 2,
    "pid": 20384,
    "index": 59
  },
  {
    "name": "Load Router",
    "start": 1579789698882,
    "end": 1579789698884,
    "duration": 2,
    "pid": 20384,
    "index": 60
  },
  {
    "name": "Require(44) app/router.js",
    "start": 1579789698882,
    "end": 1579789698882,
    "duration": 0,
    "pid": 20384,
    "index": 61
  },
  {
    "name": "Before Start in node_modules/egg-core/lib/egg.js:303:10",
    "start": 1579789698883,
    "end": 1579789698890,
    "duration": 7,
    "pid": 20384,
    "index": 62
  }
]