[
  {
    "name": "Process Start",
    "start": 1600749770388,
    "end": 1600749773747,
    "duration": 3359,
    "pid": 25096,
    "index": 0
  },
  {
    "name": "Application Start",
    "start": 1600749773748,
    "end": 1600749778657,
    "duration": 4909,
    "pid": 25096,
    "index": 1
  },
  {
    "name": "Load Plugin",
    "start": 1600749773767,
    "end": 1600749773941,
    "duration": 174,
    "pid": 25096,
    "index": 2
  },
  {
    "name": "Load Config",
    "start": 1600749773942,
    "end": 1600749774066,
    "duration": 124,
    "pid": 25096,
    "index": 3
  },
  {
    "name": "Require(0) config/config.default.js",
    "start": 1600749773945,
    "end": 1600749773946,
    "duration": 1,
    "pid": 25096,
    "index": 4
  },
  {
    "name": "Require(1) node_modules/egg-session/config/config.default.js",
    "start": 1600749773952,
    "end": 1600749773954,
    "duration": 2,
    "pid": 25096,
    "index": 5
  },
  {
    "name": "Require(2) node_modules/egg-security/config/config.default.js",
    "start": 1600749773956,
    "end": 1600749773957,
    "duration": 1,
    "pid": 25096,
    "index": 6
  },
  {
    "name": "Require(3) node_modules/egg-jsonp/config/config.default.js",
    "start": 1600749773961,
    "end": 1600749773963,
    "duration": 2,
    "pid": 25096,
    "index": 7
  },
  {
    "name": "Require(4) node_modules/egg-onerror/config/config.default.js",
    "start": 1600749773964,
    "end": 1600749773967,
    "duration": 3,
    "pid": 25096,
    "index": 8
  },
  {
    "name": "Require(5) node_modules/egg-i18n/config/config.default.js",
    "start": 1600749773969,
    "end": 1600749773971,
    "duration": 2,
    "pid": 25096,
    "index": 9
  },
  {
    "name": "Require(6) node_modules/egg-watcher/config/config.default.js",
    "start": 1600749773973,
    "end": 1600749773975,
    "duration": 2,
    "pid": 25096,
    "index": 10
  },
  {
    "name": "Require(7) node_modules/egg-schedule/config/config.default.js",
    "start": 1600749773977,
    "end": 1600749773979,
    "duration": 2,
    "pid": 25096,
    "index": 11
  },
  {
    "name": "Require(8) node_modules/egg-multipart/config/config.default.js",
    "start": 1600749773983,
    "end": 1600749773985,
    "duration": 2,
    "pid": 25096,
    "index": 12
  },
  {
    "name": "Require(9) node_modules/egg-logrotator/config/config.default.js",
    "start": 1600749773988,
    "end": 1600749773990,
    "duration": 2,
    "pid": 25096,
    "index": 13
  },
  {
    "name": "Require(10) node_modules/egg-static/config/config.default.js",
    "start": 1600749773992,
    "end": 1600749773993,
    "duration": 1,
    "pid": 25096,
    "index": 14
  },
  {
    "name": "Require(11) node_modules/egg-view/config/config.default.js",
    "start": 1600749773997,
    "end": 1600749773999,
    "duration": 2,
    "pid": 25096,
    "index": 15
  },
  {
    "name": "Require(12) node_modules/egg-cors/config/config.default.js",
    "start": 1600749774001,
    "end": 1600749774002,
    "duration": 1,
    "pid": 25096,
    "index": 16
  },
  {
    "name": "Require(13) node_modules/egg-sequelize/config/config.default.js",
    "start": 1600749774004,
    "end": 1600749774006,
    "duration": 2,
    "pid": 25096,
    "index": 17
  },
  {
    "name": "Require(14) node_modules/egg-valparams/config/config.default.js",
    "start": 1600749774008,
    "end": 1600749774009,
    "duration": 1,
    "pid": 25096,
    "index": 18
  },
  {
    "name": "Require(15) node_modules/egg-jwt/config/config.default.js",
    "start": 1600749774012,
    "end": 1600749774013,
    "duration": 1,
    "pid": 25096,
    "index": 19
  },
  {
    "name": "Require(16) node_modules/egg-redis/config/config.default.js",
    "start": 1600749774015,
    "end": 1600749774017,
    "duration": 2,
    "pid": 25096,
    "index": 20
  },
  {
    "name": "Require(17) node_modules/egg-websocket-plugin/config/config.default.js",
    "start": 1600749774019,
    "end": 1600749774022,
    "duration": 3,
    "pid": 25096,
    "index": 21
  },
  {
    "name": "Require(18) node_modules/egg-oss/config/config.default.js",
    "start": 1600749774024,
    "end": 1600749774025,
    "duration": 1,
    "pid": 25096,
    "index": 22
  },
  {
    "name": "Require(19) node_modules/egg/config/config.default.js",
    "start": 1600749774027,
    "end": 1600749774029,
    "duration": 2,
    "pid": 25096,
    "index": 23
  },
  {
    "name": "Require(20) config/config.default.js",
    "start": 1600749774032,
    "end": 1600749774032,
    "duration": 0,
    "pid": 25096,
    "index": 24
  },
  {
    "name": "Require(21) node_modules/egg-static/config/config.prod.js",
    "start": 1600749774052,
    "end": 1600749774053,
    "duration": 1,
    "pid": 25096,
    "index": 25
  },
  {
    "name": "Load extend/application.js",
    "start": 1600749774072,
    "end": 1600749774342,
    "duration": 270,
    "pid": 25096,
    "index": 26
  },
  {
    "name": "Require(22) node_modules/egg-session/app/extend/application.js",
    "start": 1600749774075,
    "end": 1600749774077,
    "duration": 2,
    "pid": 25096,
    "index": 27
  },
  {
    "name": "Require(23) node_modules/egg-security/app/extend/application.js",
    "start": 1600749774079,
    "end": 1600749774085,
    "duration": 6,
    "pid": 25096,
    "index": 28
  },
  {
    "name": "Require(24) node_modules/egg-jsonp/app/extend/application.js",
    "start": 1600749774087,
    "end": 1600749774094,
    "duration": 7,
    "pid": 25096,
    "index": 29
  },
  {
    "name": "Require(25) node_modules/egg-logrotator/app/extend/application.js",
    "start": 1600749774103,
    "end": 1600749774108,
    "duration": 5,
    "pid": 25096,
    "index": 30
  },
  {
    "name": "Require(26) node_modules/egg-view/app/extend/application.js",
    "start": 1600749774111,
    "end": 1600749774117,
    "duration": 6,
    "pid": 25096,
    "index": 31
  },
  {
    "name": "Require(27) node_modules/egg-jwt/app/extend/application.js",
    "start": 1600749774122,
    "end": 1600749774305,
    "duration": 183,
    "pid": 25096,
    "index": 32
  },
  {
    "name": "Load extend/request.js",
    "start": 1600749774342,
    "end": 1600749774411,
    "duration": 69,
    "pid": 25096,
    "index": 33
  },
  {
    "name": "Require(28) node_modules/egg/app/extend/request.js",
    "start": 1600749774379,
    "end": 1600749774388,
    "duration": 9,
    "pid": 25096,
    "index": 34
  },
  {
    "name": "Load extend/response.js",
    "start": 1600749774411,
    "end": 1600749774485,
    "duration": 74,
    "pid": 25096,
    "index": 35
  },
  {
    "name": "Require(29) node_modules/egg/app/extend/response.js",
    "start": 1600749774448,
    "end": 1600749774459,
    "duration": 11,
    "pid": 25096,
    "index": 36
  },
  {
    "name": "Load extend/context.js",
    "start": 1600749774485,
    "end": 1600749774876,
    "duration": 391,
    "pid": 25096,
    "index": 37
  },
  {
    "name": "Require(30) node_modules/egg-security/app/extend/context.js",
    "start": 1600749774488,
    "end": 1600749774537,
    "duration": 49,
    "pid": 25096,
    "index": 38
  },
  {
    "name": "Require(31) node_modules/egg-jsonp/app/extend/context.js",
    "start": 1600749774538,
    "end": 1600749774545,
    "duration": 7,
    "pid": 25096,
    "index": 39
  },
  {
    "name": "Require(32) node_modules/egg-i18n/app/extend/context.js",
    "start": 1600749774548,
    "end": 1600749774550,
    "duration": 2,
    "pid": 25096,
    "index": 40
  },
  {
    "name": "Require(33) node_modules/egg-multipart/app/extend/context.js",
    "start": 1600749774555,
    "end": 1600749774702,
    "duration": 147,
    "pid": 25096,
    "index": 41
  },
  {
    "name": "Require(34) node_modules/egg-view/app/extend/context.js",
    "start": 1600749774707,
    "end": 1600749774710,
    "duration": 3,
    "pid": 25096,
    "index": 42
  },
  {
    "name": "Require(35) node_modules/egg-valparams/app/extend/context.js",
    "start": 1600749774716,
    "end": 1600749774766,
    "duration": 50,
    "pid": 25096,
    "index": 43
  },
  {
    "name": "Require(36) node_modules/egg-oss/app/extend/context.js",
    "start": 1600749774775,
    "end": 1600749774777,
    "duration": 2,
    "pid": 25096,
    "index": 44
  },
  {
    "name": "Require(37) node_modules/egg/app/extend/context.js",
    "start": 1600749774778,
    "end": 1600749774781,
    "duration": 3,
    "pid": 25096,
    "index": 45
  },
  {
    "name": "Require(38) app/extend/context.js",
    "start": 1600749774783,
    "end": 1600749774830,
    "duration": 47,
    "pid": 25096,
    "index": 46
  },
  {
    "name": "Load extend/helper.js",
    "start": 1600749774876,
    "end": 1600749775008,
    "duration": 132,
    "pid": 25096,
    "index": 47
  },
  {
    "name": "Require(39) node_modules/egg-security/app/extend/helper.js",
    "start": 1600749774881,
    "end": 1600749774956,
    "duration": 75,
    "pid": 25096,
    "index": 48
  },
  {
    "name": "Require(40) node_modules/egg/app/extend/helper.js",
    "start": 1600749774980,
    "end": 1600749774981,
    "duration": 1,
    "pid": 25096,
    "index": 49
  },
  {
    "name": "Load app.js",
    "start": 1600749775008,
    "end": 1600749777012,
    "duration": 2004,
    "pid": 25096,
    "index": 50
  },
  {
    "name": "Require(41) node_modules/egg-session/app.js",
    "start": 1600749775010,
    "end": 1600749775011,
    "duration": 1,
    "pid": 25096,
    "index": 51
  },
  {
    "name": "Require(42) node_modules/egg-security/app.js",
    "start": 1600749775013,
    "end": 1600749775018,
    "duration": 5,
    "pid": 25096,
    "index": 52
  },
  {
    "name": "Require(43) node_modules/egg-onerror/app.js",
    "start": 1600749775021,
    "end": 1600749775053,
    "duration": 32,
    "pid": 25096,
    "index": 53
  },
  {
    "name": "Require(44) node_modules/egg-i18n/app.js",
    "start": 1600749775054,
    "end": 1600749775114,
    "duration": 60,
    "pid": 25096,
    "index": 54
  },
  {
    "name": "Require(45) node_modules/egg-watcher/app.js",
    "start": 1600749775117,
    "end": 1600749775131,
    "duration": 14,
    "pid": 25096,
    "index": 55
  },
  {
    "name": "Require(46) node_modules/egg-schedule/app.js",
    "start": 1600749775132,
    "end": 1600749775137,
    "duration": 5,
    "pid": 25096,
    "index": 56
  },
  {
    "name": "Require(47) node_modules/egg-multipart/app.js",
    "start": 1600749775139,
    "end": 1600749775140,
    "duration": 1,
    "pid": 25096,
    "index": 57
  },
  {
    "name": "Require(48) node_modules/egg-logrotator/app.js",
    "start": 1600749775142,
    "end": 1600749775143,
    "duration": 1,
    "pid": 25096,
    "index": 58
  },
  {
    "name": "Require(49) node_modules/egg-static/app.js",
    "start": 1600749775144,
    "end": 1600749775145,
    "duration": 1,
    "pid": 25096,
    "index": 59
  },
  {
    "name": "Require(50) node_modules/egg-cors/app.js",
    "start": 1600749775148,
    "end": 1600749775149,
    "duration": 1,
    "pid": 25096,
    "index": 60
  },
  {
    "name": "Require(51) node_modules/egg-sequelize/app.js",
    "start": 1600749775151,
    "end": 1600749775151,
    "duration": 0,
    "pid": 25096,
    "index": 61
  },
  {
    "name": "Require(52) node_modules/egg-valparams/app.js",
    "start": 1600749775153,
    "end": 1600749776260,
    "duration": 1107,
    "pid": 25096,
    "index": 62
  },
  {
    "name": "Require(53) node_modules/egg-jwt/app.js",
    "start": 1600749776261,
    "end": 1600749776262,
    "duration": 1,
    "pid": 25096,
    "index": 63
  },
  {
    "name": "Require(54) node_modules/egg-redis/app.js",
    "start": 1600749776264,
    "end": 1600749776268,
    "duration": 4,
    "pid": 25096,
    "index": 64
  },
  {
    "name": "Require(55) node_modules/egg-websocket-plugin/app.js",
    "start": 1600749776270,
    "end": 1600749776353,
    "duration": 83,
    "pid": 25096,
    "index": 65
  },
  {
    "name": "Require(56) node_modules/egg-oss/app.js",
    "start": 1600749776354,
    "end": 1600749777005,
    "duration": 651,
    "pid": 25096,
    "index": 66
  },
  {
    "name": "Require(57) app.js",
    "start": 1600749777011,
    "end": 1600749777012,
    "duration": 1,
    "pid": 25096,
    "index": 67
  },
  {
    "name": "Before Start in node_modules/egg-watcher/lib/init.js:15:14",
    "start": 1600749777073,
    "end": 1600749778628,
    "duration": 1555,
    "pid": 25096,
    "index": 68
  },
  {
    "name": "Load \"Symbol(model)\" to Application",
    "start": 1600749777572,
    "end": 1600749777675,
    "duration": 103,
    "pid": 25096,
    "index": 69
  },
  {
    "name": "Before Start in node_modules/egg-sequelize/lib/loader.js:39:7",
    "start": 1600749777707,
    "end": 1600749778654,
    "duration": 947,
    "pid": 25096,
    "index": 70
  },
  {
    "name": "Before Start in node_modules/egg-redis/lib/redis.js:53:7",
    "start": 1600749777927,
    "end": 1600749778578,
    "duration": 651,
    "pid": 25096,
    "index": 71
  },
  {
    "name": "Did Load in app.js:didLoad",
    "start": 1600749777934,
    "end": 1600749778552,
    "duration": 618,
    "pid": 25096,
    "index": 72
  },
  {
    "name": "Load Service",
    "start": 1600749777934,
    "end": 1600749777966,
    "duration": 32,
    "pid": 25096,
    "index": 73
  },
  {
    "name": "Load \"service\" to Context",
    "start": 1600749777934,
    "end": 1600749777966,
    "duration": 32,
    "pid": 25096,
    "index": 74
  },
  {
    "name": "Load Middleware",
    "start": 1600749777966,
    "end": 1600749778456,
    "duration": 490,
    "pid": 25096,
    "index": 75
  },
  {
    "name": "Load \"middlewares\" to Application",
    "start": 1600749777966,
    "end": 1600749778426,
    "duration": 460,
    "pid": 25096,
    "index": 76
  },
  {
    "name": "Load Controller",
    "start": 1600749778456,
    "end": 1600749778504,
    "duration": 48,
    "pid": 25096,
    "index": 77
  },
  {
    "name": "Load \"controller\" to Application",
    "start": 1600749778456,
    "end": 1600749778504,
    "duration": 48,
    "pid": 25096,
    "index": 78
  },
  {
    "name": "Load Router",
    "start": 1600749778504,
    "end": 1600749778512,
    "duration": 8,
    "pid": 25096,
    "index": 79
  },
  {
    "name": "Require(58) app/router.js",
    "start": 1600749778505,
    "end": 1600749778506,
    "duration": 1,
    "pid": 25096,
    "index": 80
  },
  {
    "name": "Before Start in node_modules/egg-core/lib/egg.js:303:10",
    "start": 1600749778507,
    "end": 1600749778552,
    "duration": 45,
    "pid": 25096,
    "index": 81
  },
  {
    "name": "Will Ready in app.js:willReady",
    "start": 1600749778655,
    "end": 1600749778655,
    "duration": 0,
    "pid": 25096,
    "index": 82
  }
]