[
  {
    "name": "Process Start",
    "start": 1600749770473,
    "end": 1600749773887,
    "duration": 3414,
    "pid": 22796,
    "index": 0
  },
  {
    "name": "Application Start",
    "start": 1600749773890,
    "end": 1600749778687,
    "duration": 4797,
    "pid": 22796,
    "index": 1
  },
  {
    "name": "Load Plugin",
    "start": 1600749773912,
    "end": 1600749774105,
    "duration": 193,
    "pid": 22796,
    "index": 2
  },
  {
    "name": "Load Config",
    "start": 1600749774105,
    "end": 1600749774245,
    "duration": 140,
    "pid": 22796,
    "index": 3
  },
  {
    "name": "Require(0) config/config.default.js",
    "start": 1600749774112,
    "end": 1600749774113,
    "duration": 1,
    "pid": 22796,
    "index": 4
  },
  {
    "name": "Require(1) node_modules/egg-session/config/config.default.js",
    "start": 1600749774120,
    "end": 1600749774122,
    "duration": 2,
    "pid": 22796,
    "index": 5
  },
  {
    "name": "Require(2) node_modules/egg-security/config/config.default.js",
    "start": 1600749774124,
    "end": 1600749774126,
    "duration": 2,
    "pid": 22796,
    "index": 6
  },
  {
    "name": "Require(3) node_modules/egg-jsonp/config/config.default.js",
    "start": 1600749774130,
    "end": 1600749774132,
    "duration": 2,
    "pid": 22796,
    "index": 7
  },
  {
    "name": "Require(4) node_modules/egg-onerror/config/config.default.js",
    "start": 1600749774134,
    "end": 1600749774136,
    "duration": 2,
    "pid": 22796,
    "index": 8
  },
  {
    "name": "Require(5) node_modules/egg-i18n/config/config.default.js",
    "start": 1600749774138,
    "end": 1600749774139,
    "duration": 1,
    "pid": 22796,
    "index": 9
  },
  {
    "name": "Require(6) node_modules/egg-watcher/config/config.default.js",
    "start": 1600749774142,
    "end": 1600749774143,
    "duration": 1,
    "pid": 22796,
    "index": 10
  },
  {
    "name": "Require(7) node_modules/egg-schedule/config/config.default.js",
    "start": 1600749774145,
    "end": 1600749774148,
    "duration": 3,
    "pid": 22796,
    "index": 11
  },
  {
    "name": "Require(8) node_modules/egg-multipart/config/config.default.js",
    "start": 1600749774154,
    "end": 1600749774156,
    "duration": 2,
    "pid": 22796,
    "index": 12
  },
  {
    "name": "Require(9) node_modules/egg-logrotator/config/config.default.js",
    "start": 1600749774160,
    "end": 1600749774162,
    "duration": 2,
    "pid": 22796,
    "index": 13
  },
  {
    "name": "Require(10) node_modules/egg-static/config/config.default.js",
    "start": 1600749774164,
    "end": 1600749774167,
    "duration": 3,
    "pid": 22796,
    "index": 14
  },
  {
    "name": "Require(11) node_modules/egg-view/config/config.default.js",
    "start": 1600749774169,
    "end": 1600749774171,
    "duration": 2,
    "pid": 22796,
    "index": 15
  },
  {
    "name": "Require(12) node_modules/egg-cors/config/config.default.js",
    "start": 1600749774174,
    "end": 1600749774175,
    "duration": 1,
    "pid": 22796,
    "index": 16
  },
  {
    "name": "Require(13) node_modules/egg-sequelize/config/config.default.js",
    "start": 1600749774179,
    "end": 1600749774181,
    "duration": 2,
    "pid": 22796,
    "index": 17
  },
  {
    "name": "Require(14) node_modules/egg-valparams/config/config.default.js",
    "start": 1600749774184,
    "end": 1600749774188,
    "duration": 4,
    "pid": 22796,
    "index": 18
  },
  {
    "name": "Require(15) node_modules/egg-jwt/config/config.default.js",
    "start": 1600749774191,
    "end": 1600749774195,
    "duration": 4,
    "pid": 22796,
    "index": 19
  },
  {
    "name": "Require(16) node_modules/egg-redis/config/config.default.js",
    "start": 1600749774197,
    "end": 1600749774200,
    "duration": 3,
    "pid": 22796,
    "index": 20
  },
  {
    "name": "Require(17) node_modules/egg-websocket-plugin/config/config.default.js",
    "start": 1600749774204,
    "end": 1600749774206,
    "duration": 2,
    "pid": 22796,
    "index": 21
  },
  {
    "name": "Require(18) node_modules/egg-oss/config/config.default.js",
    "start": 1600749774208,
    "end": 1600749774210,
    "duration": 2,
    "pid": 22796,
    "index": 22
  },
  {
    "name": "Require(19) node_modules/egg/config/config.default.js",
    "start": 1600749774212,
    "end": 1600749774214,
    "duration": 2,
    "pid": 22796,
    "index": 23
  },
  {
    "name": "Require(20) config/config.default.js",
    "start": 1600749774218,
    "end": 1600749774219,
    "duration": 1,
    "pid": 22796,
    "index": 24
  },
  {
    "name": "Require(21) node_modules/egg-static/config/config.prod.js",
    "start": 1600749774233,
    "end": 1600749774234,
    "duration": 1,
    "pid": 22796,
    "index": 25
  },
  {
    "name": "Load extend/application.js",
    "start": 1600749774260,
    "end": 1600749774562,
    "duration": 302,
    "pid": 22796,
    "index": 26
  },
  {
    "name": "Require(22) node_modules/egg-session/app/extend/application.js",
    "start": 1600749774263,
    "end": 1600749774265,
    "duration": 2,
    "pid": 22796,
    "index": 27
  },
  {
    "name": "Require(23) node_modules/egg-security/app/extend/application.js",
    "start": 1600749774267,
    "end": 1600749774275,
    "duration": 8,
    "pid": 22796,
    "index": 28
  },
  {
    "name": "Require(24) node_modules/egg-jsonp/app/extend/application.js",
    "start": 1600749774277,
    "end": 1600749774284,
    "duration": 7,
    "pid": 22796,
    "index": 29
  },
  {
    "name": "Require(25) node_modules/egg-logrotator/app/extend/application.js",
    "start": 1600749774291,
    "end": 1600749774303,
    "duration": 12,
    "pid": 22796,
    "index": 30
  },
  {
    "name": "Require(26) node_modules/egg-view/app/extend/application.js",
    "start": 1600749774307,
    "end": 1600749774313,
    "duration": 6,
    "pid": 22796,
    "index": 31
  },
  {
    "name": "Require(27) node_modules/egg-jwt/app/extend/application.js",
    "start": 1600749774318,
    "end": 1600749774532,
    "duration": 214,
    "pid": 22796,
    "index": 32
  },
  {
    "name": "Load extend/request.js",
    "start": 1600749774562,
    "end": 1600749774614,
    "duration": 52,
    "pid": 22796,
    "index": 33
  },
  {
    "name": "Require(28) node_modules/egg/app/extend/request.js",
    "start": 1600749774585,
    "end": 1600749774589,
    "duration": 4,
    "pid": 22796,
    "index": 34
  },
  {
    "name": "Load extend/response.js",
    "start": 1600749774614,
    "end": 1600749774677,
    "duration": 63,
    "pid": 22796,
    "index": 35
  },
  {
    "name": "Require(29) node_modules/egg/app/extend/response.js",
    "start": 1600749774639,
    "end": 1600749774651,
    "duration": 12,
    "pid": 22796,
    "index": 36
  },
  {
    "name": "Load extend/context.js",
    "start": 1600749774677,
    "end": 1600749775007,
    "duration": 330,
    "pid": 22796,
    "index": 37
  },
  {
    "name": "Require(30) node_modules/egg-security/app/extend/context.js",
    "start": 1600749774680,
    "end": 1600749774725,
    "duration": 45,
    "pid": 22796,
    "index": 38
  },
  {
    "name": "Require(31) node_modules/egg-jsonp/app/extend/context.js",
    "start": 1600749774726,
    "end": 1600749774732,
    "duration": 6,
    "pid": 22796,
    "index": 39
  },
  {
    "name": "Require(32) node_modules/egg-i18n/app/extend/context.js",
    "start": 1600749774736,
    "end": 1600749774737,
    "duration": 1,
    "pid": 22796,
    "index": 40
  },
  {
    "name": "Require(33) node_modules/egg-multipart/app/extend/context.js",
    "start": 1600749774742,
    "end": 1600749774885,
    "duration": 143,
    "pid": 22796,
    "index": 41
  },
  {
    "name": "Require(34) node_modules/egg-view/app/extend/context.js",
    "start": 1600749774889,
    "end": 1600749774892,
    "duration": 3,
    "pid": 22796,
    "index": 42
  },
  {
    "name": "Require(35) node_modules/egg-valparams/app/extend/context.js",
    "start": 1600749774898,
    "end": 1600749774941,
    "duration": 43,
    "pid": 22796,
    "index": 43
  },
  {
    "name": "Require(36) node_modules/egg-oss/app/extend/context.js",
    "start": 1600749774948,
    "end": 1600749774949,
    "duration": 1,
    "pid": 22796,
    "index": 44
  },
  {
    "name": "Require(37) node_modules/egg/app/extend/context.js",
    "start": 1600749774950,
    "end": 1600749774953,
    "duration": 3,
    "pid": 22796,
    "index": 45
  },
  {
    "name": "Require(38) app/extend/context.js",
    "start": 1600749774955,
    "end": 1600749774982,
    "duration": 27,
    "pid": 22796,
    "index": 46
  },
  {
    "name": "Load extend/helper.js",
    "start": 1600749775007,
    "end": 1600749775123,
    "duration": 116,
    "pid": 22796,
    "index": 47
  },
  {
    "name": "Require(39) node_modules/egg-security/app/extend/helper.js",
    "start": 1600749775011,
    "end": 1600749775080,
    "duration": 69,
    "pid": 22796,
    "index": 48
  },
  {
    "name": "Require(40) node_modules/egg/app/extend/helper.js",
    "start": 1600749775098,
    "end": 1600749775098,
    "duration": 0,
    "pid": 22796,
    "index": 49
  },
  {
    "name": "Load app.js",
    "start": 1600749775123,
    "end": 1600749777078,
    "duration": 1955,
    "pid": 22796,
    "index": 50
  },
  {
    "name": "Require(41) node_modules/egg-session/app.js",
    "start": 1600749775125,
    "end": 1600749775126,
    "duration": 1,
    "pid": 22796,
    "index": 51
  },
  {
    "name": "Require(42) node_modules/egg-security/app.js",
    "start": 1600749775128,
    "end": 1600749775133,
    "duration": 5,
    "pid": 22796,
    "index": 52
  },
  {
    "name": "Require(43) node_modules/egg-onerror/app.js",
    "start": 1600749775137,
    "end": 1600749775165,
    "duration": 28,
    "pid": 22796,
    "index": 53
  },
  {
    "name": "Require(44) node_modules/egg-i18n/app.js",
    "start": 1600749775167,
    "end": 1600749775236,
    "duration": 69,
    "pid": 22796,
    "index": 54
  },
  {
    "name": "Require(45) node_modules/egg-watcher/app.js",
    "start": 1600749775238,
    "end": 1600749775253,
    "duration": 15,
    "pid": 22796,
    "index": 55
  },
  {
    "name": "Require(46) node_modules/egg-schedule/app.js",
    "start": 1600749775254,
    "end": 1600749775260,
    "duration": 6,
    "pid": 22796,
    "index": 56
  },
  {
    "name": "Require(47) node_modules/egg-multipart/app.js",
    "start": 1600749775261,
    "end": 1600749775262,
    "duration": 1,
    "pid": 22796,
    "index": 57
  },
  {
    "name": "Require(48) node_modules/egg-logrotator/app.js",
    "start": 1600749775265,
    "end": 1600749775265,
    "duration": 0,
    "pid": 22796,
    "index": 58
  },
  {
    "name": "Require(49) node_modules/egg-static/app.js",
    "start": 1600749775267,
    "end": 1600749775268,
    "duration": 1,
    "pid": 22796,
    "index": 59
  },
  {
    "name": "Require(50) node_modules/egg-cors/app.js",
    "start": 1600749775271,
    "end": 1600749775272,
    "duration": 1,
    "pid": 22796,
    "index": 60
  },
  {
    "name": "Require(51) node_modules/egg-sequelize/app.js",
    "start": 1600749775274,
    "end": 1600749775274,
    "duration": 0,
    "pid": 22796,
    "index": 61
  },
  {
    "name": "Require(52) node_modules/egg-valparams/app.js",
    "start": 1600749775276,
    "end": 1600749776381,
    "duration": 1105,
    "pid": 22796,
    "index": 62
  },
  {
    "name": "Require(53) node_modules/egg-jwt/app.js",
    "start": 1600749776383,
    "end": 1600749776384,
    "duration": 1,
    "pid": 22796,
    "index": 63
  },
  {
    "name": "Require(54) node_modules/egg-redis/app.js",
    "start": 1600749776385,
    "end": 1600749776390,
    "duration": 5,
    "pid": 22796,
    "index": 64
  },
  {
    "name": "Require(55) node_modules/egg-websocket-plugin/app.js",
    "start": 1600749776393,
    "end": 1600749776466,
    "duration": 73,
    "pid": 22796,
    "index": 65
  },
  {
    "name": "Require(56) node_modules/egg-oss/app.js",
    "start": 1600749776471,
    "end": 1600749777072,
    "duration": 601,
    "pid": 22796,
    "index": 66
  },
  {
    "name": "Require(57) app.js",
    "start": 1600749777077,
    "end": 1600749777078,
    "duration": 1,
    "pid": 22796,
    "index": 67
  },
  {
    "name": "Before Start in node_modules/egg-watcher/lib/init.js:15:14",
    "start": 1600749777135,
    "end": 1600749778660,
    "duration": 1525,
    "pid": 22796,
    "index": 68
  },
  {
    "name": "Load \"Symbol(model)\" to Application",
    "start": 1600749777598,
    "end": 1600749777705,
    "duration": 107,
    "pid": 22796,
    "index": 69
  },
  {
    "name": "Before Start in node_modules/egg-sequelize/lib/loader.js:39:7",
    "start": 1600749777735,
    "end": 1600749778685,
    "duration": 950,
    "pid": 22796,
    "index": 70
  },
  {
    "name": "Before Start in node_modules/egg-redis/lib/redis.js:53:7",
    "start": 1600749777979,
    "end": 1600749778605,
    "duration": 626,
    "pid": 22796,
    "index": 71
  },
  {
    "name": "Did Load in app.js:didLoad",
    "start": 1600749777985,
    "end": 1600749778582,
    "duration": 597,
    "pid": 22796,
    "index": 72
  },
  {
    "name": "Load Service",
    "start": 1600749777986,
    "end": 1600749778032,
    "duration": 46,
    "pid": 22796,
    "index": 73
  },
  {
    "name": "Load \"service\" to Context",
    "start": 1600749777986,
    "end": 1600749778032,
    "duration": 46,
    "pid": 22796,
    "index": 74
  },
  {
    "name": "Load Middleware",
    "start": 1600749778032,
    "end": 1600749778479,
    "duration": 447,
    "pid": 22796,
    "index": 75
  },
  {
    "name": "Load \"middlewares\" to Application",
    "start": 1600749778033,
    "end": 1600749778449,
    "duration": 416,
    "pid": 22796,
    "index": 76
  },
  {
    "name": "Load Controller",
    "start": 1600749778479,
    "end": 1600749778533,
    "duration": 54,
    "pid": 22796,
    "index": 77
  },
  {
    "name": "Load \"controller\" to Application",
    "start": 1600749778479,
    "end": 1600749778532,
    "duration": 53,
    "pid": 22796,
    "index": 78
  },
  {
    "name": "Load Router",
    "start": 1600749778533,
    "end": 1600749778540,
    "duration": 7,
    "pid": 22796,
    "index": 79
  },
  {
    "name": "Require(58) app/router.js",
    "start": 1600749778534,
    "end": 1600749778535,
    "duration": 1,
    "pid": 22796,
    "index": 80
  },
  {
    "name": "Before Start in node_modules/egg-core/lib/egg.js:303:10",
    "start": 1600749778536,
    "end": 1600749778582,
    "duration": 46,
    "pid": 22796,
    "index": 81
  },
  {
    "name": "Will Ready in app.js:willReady",
    "start": 1600749778686,
    "end": 1600749778686,
    "duration": 0,
    "pid": 22796,
    "index": 82
  }
]