[
  {
    "name": "Process Start",
    "start": 1600749770276,
    "end": 1600749773633,
    "duration": 3357,
    "pid": 24264,
    "index": 0
  },
  {
    "name": "Application Start",
    "start": 1600749773636,
    "end": 1600749778749,
    "duration": 5113,
    "pid": 24264,
    "index": 1
  },
  {
    "name": "Load Plugin",
    "start": 1600749773660,
    "end": 1600749773841,
    "duration": 181,
    "pid": 24264,
    "index": 2
  },
  {
    "name": "Load Config",
    "start": 1600749773841,
    "end": 1600749773965,
    "duration": 124,
    "pid": 24264,
    "index": 3
  },
  {
    "name": "Require(0) config/config.default.js",
    "start": 1600749773845,
    "end": 1600749773847,
    "duration": 2,
    "pid": 24264,
    "index": 4
  },
  {
    "name": "Require(1) node_modules/egg-session/config/config.default.js",
    "start": 1600749773856,
    "end": 1600749773858,
    "duration": 2,
    "pid": 24264,
    "index": 5
  },
  {
    "name": "Require(2) node_modules/egg-security/config/config.default.js",
    "start": 1600749773860,
    "end": 1600749773861,
    "duration": 1,
    "pid": 24264,
    "index": 6
  },
  {
    "name": "Require(3) node_modules/egg-jsonp/config/config.default.js",
    "start": 1600749773865,
    "end": 1600749773867,
    "duration": 2,
    "pid": 24264,
    "index": 7
  },
  {
    "name": "Require(4) node_modules/egg-onerror/config/config.default.js",
    "start": 1600749773869,
    "end": 1600749773871,
    "duration": 2,
    "pid": 24264,
    "index": 8
  },
  {
    "name": "Require(5) node_modules/egg-i18n/config/config.default.js",
    "start": 1600749773873,
    "end": 1600749773875,
    "duration": 2,
    "pid": 24264,
    "index": 9
  },
  {
    "name": "Require(6) node_modules/egg-watcher/config/config.default.js",
    "start": 1600749773878,
    "end": 1600749773880,
    "duration": 2,
    "pid": 24264,
    "index": 10
  },
  {
    "name": "Require(7) node_modules/egg-schedule/config/config.default.js",
    "start": 1600749773885,
    "end": 1600749773887,
    "duration": 2,
    "pid": 24264,
    "index": 11
  },
  {
    "name": "Require(8) node_modules/egg-multipart/config/config.default.js",
    "start": 1600749773890,
    "end": 1600749773892,
    "duration": 2,
    "pid": 24264,
    "index": 12
  },
  {
    "name": "Require(9) node_modules/egg-logrotator/config/config.default.js",
    "start": 1600749773895,
    "end": 1600749773897,
    "duration": 2,
    "pid": 24264,
    "index": 13
  },
  {
    "name": "Require(10) node_modules/egg-static/config/config.default.js",
    "start": 1600749773900,
    "end": 1600749773901,
    "duration": 1,
    "pid": 24264,
    "index": 14
  },
  {
    "name": "Require(11) node_modules/egg-view/config/config.default.js",
    "start": 1600749773904,
    "end": 1600749773905,
    "duration": 1,
    "pid": 24264,
    "index": 15
  },
  {
    "name": "Require(12) node_modules/egg-cors/config/config.default.js",
    "start": 1600749773907,
    "end": 1600749773909,
    "duration": 2,
    "pid": 24264,
    "index": 16
  },
  {
    "name": "Require(13) node_modules/egg-sequelize/config/config.default.js",
    "start": 1600749773911,
    "end": 1600749773913,
    "duration": 2,
    "pid": 24264,
    "index": 17
  },
  {
    "name": "Require(14) node_modules/egg-valparams/config/config.default.js",
    "start": 1600749773915,
    "end": 1600749773917,
    "duration": 2,
    "pid": 24264,
    "index": 18
  },
  {
    "name": "Require(15) node_modules/egg-jwt/config/config.default.js",
    "start": 1600749773919,
    "end": 1600749773921,
    "duration": 2,
    "pid": 24264,
    "index": 19
  },
  {
    "name": "Require(16) node_modules/egg-redis/config/config.default.js",
    "start": 1600749773923,
    "end": 1600749773924,
    "duration": 1,
    "pid": 24264,
    "index": 20
  },
  {
    "name": "Require(17) node_modules/egg-websocket-plugin/config/config.default.js",
    "start": 1600749773926,
    "end": 1600749773928,
    "duration": 2,
    "pid": 24264,
    "index": 21
  },
  {
    "name": "Require(18) node_modules/egg-oss/config/config.default.js",
    "start": 1600749773930,
    "end": 1600749773932,
    "duration": 2,
    "pid": 24264,
    "index": 22
  },
  {
    "name": "Require(19) node_modules/egg/config/config.default.js",
    "start": 1600749773935,
    "end": 1600749773936,
    "duration": 1,
    "pid": 24264,
    "index": 23
  },
  {
    "name": "Require(20) config/config.default.js",
    "start": 1600749773940,
    "end": 1600749773940,
    "duration": 0,
    "pid": 24264,
    "index": 24
  },
  {
    "name": "Require(21) node_modules/egg-static/config/config.prod.js",
    "start": 1600749773952,
    "end": 1600749773953,
    "duration": 1,
    "pid": 24264,
    "index": 25
  },
  {
    "name": "Load extend/application.js",
    "start": 1600749773970,
    "end": 1600749774315,
    "duration": 345,
    "pid": 24264,
    "index": 26
  },
  {
    "name": "Require(22) node_modules/egg-session/app/extend/application.js",
    "start": 1600749773973,
    "end": 1600749773975,
    "duration": 2,
    "pid": 24264,
    "index": 27
  },
  {
    "name": "Require(23) node_modules/egg-security/app/extend/application.js",
    "start": 1600749773978,
    "end": 1600749773984,
    "duration": 6,
    "pid": 24264,
    "index": 28
  },
  {
    "name": "Require(24) node_modules/egg-jsonp/app/extend/application.js",
    "start": 1600749773989,
    "end": 1600749773995,
    "duration": 6,
    "pid": 24264,
    "index": 29
  },
  {
    "name": "Require(25) node_modules/egg-logrotator/app/extend/application.js",
    "start": 1600749774004,
    "end": 1600749774011,
    "duration": 7,
    "pid": 24264,
    "index": 30
  },
  {
    "name": "Require(26) node_modules/egg-view/app/extend/application.js",
    "start": 1600749774015,
    "end": 1600749774021,
    "duration": 6,
    "pid": 24264,
    "index": 31
  },
  {
    "name": "Require(27) node_modules/egg-jwt/app/extend/application.js",
    "start": 1600749774028,
    "end": 1600749774276,
    "duration": 248,
    "pid": 24264,
    "index": 32
  },
  {
    "name": "Load extend/request.js",
    "start": 1600749774315,
    "end": 1600749774374,
    "duration": 59,
    "pid": 24264,
    "index": 33
  },
  {
    "name": "Require(28) node_modules/egg/app/extend/request.js",
    "start": 1600749774339,
    "end": 1600749774344,
    "duration": 5,
    "pid": 24264,
    "index": 34
  },
  {
    "name": "Load extend/response.js",
    "start": 1600749774374,
    "end": 1600749774524,
    "duration": 150,
    "pid": 24264,
    "index": 35
  },
  {
    "name": "Require(29) node_modules/egg/app/extend/response.js",
    "start": 1600749774410,
    "end": 1600749774419,
    "duration": 9,
    "pid": 24264,
    "index": 36
  },
  {
    "name": "Load extend/context.js",
    "start": 1600749774524,
    "end": 1600749774863,
    "duration": 339,
    "pid": 24264,
    "index": 37
  },
  {
    "name": "Require(30) node_modules/egg-security/app/extend/context.js",
    "start": 1600749774529,
    "end": 1600749774572,
    "duration": 43,
    "pid": 24264,
    "index": 38
  },
  {
    "name": "Require(31) node_modules/egg-jsonp/app/extend/context.js",
    "start": 1600749774574,
    "end": 1600749774578,
    "duration": 4,
    "pid": 24264,
    "index": 39
  },
  {
    "name": "Require(32) node_modules/egg-i18n/app/extend/context.js",
    "start": 1600749774581,
    "end": 1600749774583,
    "duration": 2,
    "pid": 24264,
    "index": 40
  },
  {
    "name": "Require(33) node_modules/egg-multipart/app/extend/context.js",
    "start": 1600749774586,
    "end": 1600749774729,
    "duration": 143,
    "pid": 24264,
    "index": 41
  },
  {
    "name": "Require(34) node_modules/egg-view/app/extend/context.js",
    "start": 1600749774733,
    "end": 1600749774737,
    "duration": 4,
    "pid": 24264,
    "index": 42
  },
  {
    "name": "Require(35) node_modules/egg-valparams/app/extend/context.js",
    "start": 1600749774741,
    "end": 1600749774787,
    "duration": 46,
    "pid": 24264,
    "index": 43
  },
  {
    "name": "Require(36) node_modules/egg-oss/app/extend/context.js",
    "start": 1600749774794,
    "end": 1600749774796,
    "duration": 2,
    "pid": 24264,
    "index": 44
  },
  {
    "name": "Require(37) node_modules/egg/app/extend/context.js",
    "start": 1600749774798,
    "end": 1600749774800,
    "duration": 2,
    "pid": 24264,
    "index": 45
  },
  {
    "name": "Require(38) app/extend/context.js",
    "start": 1600749774803,
    "end": 1600749774834,
    "duration": 31,
    "pid": 24264,
    "index": 46
  },
  {
    "name": "Load extend/helper.js",
    "start": 1600749774864,
    "end": 1600749774988,
    "duration": 124,
    "pid": 24264,
    "index": 47
  },
  {
    "name": "Require(39) node_modules/egg-security/app/extend/helper.js",
    "start": 1600749774866,
    "end": 1600749774939,
    "duration": 73,
    "pid": 24264,
    "index": 48
  },
  {
    "name": "Require(40) node_modules/egg/app/extend/helper.js",
    "start": 1600749774960,
    "end": 1600749774961,
    "duration": 1,
    "pid": 24264,
    "index": 49
  },
  {
    "name": "Load app.js",
    "start": 1600749774988,
    "end": 1600749777107,
    "duration": 2119,
    "pid": 24264,
    "index": 50
  },
  {
    "name": "Require(41) node_modules/egg-session/app.js",
    "start": 1600749774990,
    "end": 1600749774991,
    "duration": 1,
    "pid": 24264,
    "index": 51
  },
  {
    "name": "Require(42) node_modules/egg-security/app.js",
    "start": 1600749774993,
    "end": 1600749774999,
    "duration": 6,
    "pid": 24264,
    "index": 52
  },
  {
    "name": "Require(43) node_modules/egg-onerror/app.js",
    "start": 1600749775004,
    "end": 1600749775037,
    "duration": 33,
    "pid": 24264,
    "index": 53
  },
  {
    "name": "Require(44) node_modules/egg-i18n/app.js",
    "start": 1600749775039,
    "end": 1600749775113,
    "duration": 74,
    "pid": 24264,
    "index": 54
  },
  {
    "name": "Require(45) node_modules/egg-watcher/app.js",
    "start": 1600749775115,
    "end": 1600749775133,
    "duration": 18,
    "pid": 24264,
    "index": 55
  },
  {
    "name": "Require(46) node_modules/egg-schedule/app.js",
    "start": 1600749775135,
    "end": 1600749775140,
    "duration": 5,
    "pid": 24264,
    "index": 56
  },
  {
    "name": "Require(47) node_modules/egg-multipart/app.js",
    "start": 1600749775141,
    "end": 1600749775143,
    "duration": 2,
    "pid": 24264,
    "index": 57
  },
  {
    "name": "Require(48) node_modules/egg-logrotator/app.js",
    "start": 1600749775144,
    "end": 1600749775145,
    "duration": 1,
    "pid": 24264,
    "index": 58
  },
  {
    "name": "Require(49) node_modules/egg-static/app.js",
    "start": 1600749775147,
    "end": 1600749775148,
    "duration": 1,
    "pid": 24264,
    "index": 59
  },
  {
    "name": "Require(50) node_modules/egg-cors/app.js",
    "start": 1600749775151,
    "end": 1600749775152,
    "duration": 1,
    "pid": 24264,
    "index": 60
  },
  {
    "name": "Require(51) node_modules/egg-sequelize/app.js",
    "start": 1600749775153,
    "end": 1600749775154,
    "duration": 1,
    "pid": 24264,
    "index": 61
  },
  {
    "name": "Require(52) node_modules/egg-valparams/app.js",
    "start": 1600749775156,
    "end": 1600749776360,
    "duration": 1204,
    "pid": 24264,
    "index": 62
  },
  {
    "name": "Require(53) node_modules/egg-jwt/app.js",
    "start": 1600749776362,
    "end": 1600749776363,
    "duration": 1,
    "pid": 24264,
    "index": 63
  },
  {
    "name": "Require(54) node_modules/egg-redis/app.js",
    "start": 1600749776364,
    "end": 1600749776370,
    "duration": 6,
    "pid": 24264,
    "index": 64
  },
  {
    "name": "Require(55) node_modules/egg-websocket-plugin/app.js",
    "start": 1600749776386,
    "end": 1600749776466,
    "duration": 80,
    "pid": 24264,
    "index": 65
  },
  {
    "name": "Require(56) node_modules/egg-oss/app.js",
    "start": 1600749776467,
    "end": 1600749777102,
    "duration": 635,
    "pid": 24264,
    "index": 66
  },
  {
    "name": "Require(57) app.js",
    "start": 1600749777105,
    "end": 1600749777106,
    "duration": 1,
    "pid": 24264,
    "index": 67
  },
  {
    "name": "Before Start in node_modules/egg-watcher/lib/init.js:15:14",
    "start": 1600749777179,
    "end": 1600749778705,
    "duration": 1526,
    "pid": 24264,
    "index": 68
  },
  {
    "name": "Load \"Symbol(model)\" to Application",
    "start": 1600749777658,
    "end": 1600749777753,
    "duration": 95,
    "pid": 24264,
    "index": 69
  },
  {
    "name": "Before Start in node_modules/egg-sequelize/lib/loader.js:39:7",
    "start": 1600749777787,
    "end": 1600749778746,
    "duration": 959,
    "pid": 24264,
    "index": 70
  },
  {
    "name": "Before Start in node_modules/egg-redis/lib/redis.js:53:7",
    "start": 1600749778050,
    "end": 1600749778650,
    "duration": 600,
    "pid": 24264,
    "index": 71
  },
  {
    "name": "Did Load in app.js:didLoad",
    "start": 1600749778056,
    "end": 1600749778626,
    "duration": 570,
    "pid": 24264,
    "index": 72
  },
  {
    "name": "Load Service",
    "start": 1600749778057,
    "end": 1600749778094,
    "duration": 37,
    "pid": 24264,
    "index": 73
  },
  {
    "name": "Load \"service\" to Context",
    "start": 1600749778057,
    "end": 1600749778094,
    "duration": 37,
    "pid": 24264,
    "index": 74
  },
  {
    "name": "Load Middleware",
    "start": 1600749778095,
    "end": 1600749778525,
    "duration": 430,
    "pid": 24264,
    "index": 75
  },
  {
    "name": "Load \"middlewares\" to Application",
    "start": 1600749778095,
    "end": 1600749778491,
    "duration": 396,
    "pid": 24264,
    "index": 76
  },
  {
    "name": "Load Controller",
    "start": 1600749778525,
    "end": 1600749778580,
    "duration": 55,
    "pid": 24264,
    "index": 77
  },
  {
    "name": "Load \"controller\" to Application",
    "start": 1600749778525,
    "end": 1600749778580,
    "duration": 55,
    "pid": 24264,
    "index": 78
  },
  {
    "name": "Load Router",
    "start": 1600749778580,
    "end": 1600749778588,
    "duration": 8,
    "pid": 24264,
    "index": 79
  },
  {
    "name": "Require(58) app/router.js",
    "start": 1600749778582,
    "end": 1600749778583,
    "duration": 1,
    "pid": 24264,
    "index": 80
  },
  {
    "name": "Before Start in node_modules/egg-core/lib/egg.js:303:10",
    "start": 1600749778584,
    "end": 1600749778626,
    "duration": 42,
    "pid": 24264,
    "index": 81
  },
  {
    "name": "Will Ready in app.js:willReady",
    "start": 1600749778747,
    "end": 1600749778748,
    "duration": 1,
    "pid": 24264,
    "index": 82
  }
]