[
  {
    "name": "Process Start",
    "start": 1600749770134,
    "end": 1600749773434,
    "duration": 3300,
    "pid": 13880,
    "index": 0
  },
  {
    "name": "Application Start",
    "start": 1600749773436,
    "end": 1600749778066,
    "duration": 4630,
    "pid": 13880,
    "index": 1
  },
  {
    "name": "Load Plugin",
    "start": 1600749773456,
    "end": 1600749773634,
    "duration": 178,
    "pid": 13880,
    "index": 2
  },
  {
    "name": "Load Config",
    "start": 1600749773634,
    "end": 1600749773748,
    "duration": 114,
    "pid": 13880,
    "index": 3
  },
  {
    "name": "Require(0) config/config.default.js",
    "start": 1600749773636,
    "end": 1600749773638,
    "duration": 2,
    "pid": 13880,
    "index": 4
  },
  {
    "name": "Require(1) node_modules/egg-session/config/config.default.js",
    "start": 1600749773645,
    "end": 1600749773647,
    "duration": 2,
    "pid": 13880,
    "index": 5
  },
  {
    "name": "Require(2) node_modules/egg-security/config/config.default.js",
    "start": 1600749773649,
    "end": 1600749773650,
    "duration": 1,
    "pid": 13880,
    "index": 6
  },
  {
    "name": "Require(3) node_modules/egg-jsonp/config/config.default.js",
    "start": 1600749773653,
    "end": 1600749773655,
    "duration": 2,
    "pid": 13880,
    "index": 7
  },
  {
    "name": "Require(4) node_modules/egg-onerror/config/config.default.js",
    "start": 1600749773658,
    "end": 1600749773660,
    "duration": 2,
    "pid": 13880,
    "index": 8
  },
  {
    "name": "Require(5) node_modules/egg-i18n/config/config.default.js",
    "start": 1600749773662,
    "end": 1600749773663,
    "duration": 1,
    "pid": 13880,
    "index": 9
  },
  {
    "name": "Require(6) node_modules/egg-watcher/config/config.default.js",
    "start": 1600749773665,
    "end": 1600749773667,
    "duration": 2,
    "pid": 13880,
    "index": 10
  },
  {
    "name": "Require(7) node_modules/egg-schedule/config/config.default.js",
    "start": 1600749773669,
    "end": 1600749773671,
    "duration": 2,
    "pid": 13880,
    "index": 11
  },
  {
    "name": "Require(8) node_modules/egg-multipart/config/config.default.js",
    "start": 1600749773673,
    "end": 1600749773675,
    "duration": 2,
    "pid": 13880,
    "index": 12
  },
  {
    "name": "Require(9) node_modules/egg-logrotator/config/config.default.js",
    "start": 1600749773677,
    "end": 1600749773679,
    "duration": 2,
    "pid": 13880,
    "index": 13
  },
  {
    "name": "Require(10) node_modules/egg-static/config/config.default.js",
    "start": 1600749773681,
    "end": 1600749773682,
    "duration": 1,
    "pid": 13880,
    "index": 14
  },
  {
    "name": "Require(11) node_modules/egg-view/config/config.default.js",
    "start": 1600749773684,
    "end": 1600749773687,
    "duration": 3,
    "pid": 13880,
    "index": 15
  },
  {
    "name": "Require(12) node_modules/egg-cors/config/config.default.js",
    "start": 1600749773689,
    "end": 1600749773691,
    "duration": 2,
    "pid": 13880,
    "index": 16
  },
  {
    "name": "Require(13) node_modules/egg-sequelize/config/config.default.js",
    "start": 1600749773693,
    "end": 1600749773695,
    "duration": 2,
    "pid": 13880,
    "index": 17
  },
  {
    "name": "Require(14) node_modules/egg-valparams/config/config.default.js",
    "start": 1600749773697,
    "end": 1600749773698,
    "duration": 1,
    "pid": 13880,
    "index": 18
  },
  {
    "name": "Require(15) node_modules/egg-jwt/config/config.default.js",
    "start": 1600749773700,
    "end": 1600749773702,
    "duration": 2,
    "pid": 13880,
    "index": 19
  },
  {
    "name": "Require(16) node_modules/egg-redis/config/config.default.js",
    "start": 1600749773704,
    "end": 1600749773706,
    "duration": 2,
    "pid": 13880,
    "index": 20
  },
  {
    "name": "Require(17) node_modules/egg-websocket-plugin/config/config.default.js",
    "start": 1600749773708,
    "end": 1600749773710,
    "duration": 2,
    "pid": 13880,
    "index": 21
  },
  {
    "name": "Require(18) node_modules/egg-oss/config/config.default.js",
    "start": 1600749773712,
    "end": 1600749773713,
    "duration": 1,
    "pid": 13880,
    "index": 22
  },
  {
    "name": "Require(19) node_modules/egg/config/config.default.js",
    "start": 1600749773715,
    "end": 1600749773716,
    "duration": 1,
    "pid": 13880,
    "index": 23
  },
  {
    "name": "Require(20) config/config.default.js",
    "start": 1600749773719,
    "end": 1600749773719,
    "duration": 0,
    "pid": 13880,
    "index": 24
  },
  {
    "name": "Require(21) node_modules/egg-static/config/config.prod.js",
    "start": 1600749773732,
    "end": 1600749773732,
    "duration": 0,
    "pid": 13880,
    "index": 25
  },
  {
    "name": "Load extend/application.js",
    "start": 1600749773751,
    "end": 1600749773986,
    "duration": 235,
    "pid": 13880,
    "index": 26
  },
  {
    "name": "Require(22) node_modules/egg-session/app/extend/application.js",
    "start": 1600749773754,
    "end": 1600749773755,
    "duration": 1,
    "pid": 13880,
    "index": 27
  },
  {
    "name": "Require(23) node_modules/egg-security/app/extend/application.js",
    "start": 1600749773757,
    "end": 1600749773763,
    "duration": 6,
    "pid": 13880,
    "index": 28
  },
  {
    "name": "Require(24) node_modules/egg-jsonp/app/extend/application.js",
    "start": 1600749773765,
    "end": 1600749773771,
    "duration": 6,
    "pid": 13880,
    "index": 29
  },
  {
    "name": "Require(25) node_modules/egg-logrotator/app/extend/application.js",
    "start": 1600749773781,
    "end": 1600749773794,
    "duration": 13,
    "pid": 13880,
    "index": 30
  },
  {
    "name": "Require(26) node_modules/egg-view/app/extend/application.js",
    "start": 1600749773798,
    "end": 1600749773803,
    "duration": 5,
    "pid": 13880,
    "index": 31
  },
  {
    "name": "Require(27) node_modules/egg-jwt/app/extend/application.js",
    "start": 1600749773809,
    "end": 1600749773952,
    "duration": 143,
    "pid": 13880,
    "index": 32
  },
  {
    "name": "Load extend/request.js",
    "start": 1600749773987,
    "end": 1600749774040,
    "duration": 53,
    "pid": 13880,
    "index": 33
  },
  {
    "name": "Require(28) node_modules/egg/app/extend/request.js",
    "start": 1600749774011,
    "end": 1600749774015,
    "duration": 4,
    "pid": 13880,
    "index": 34
  },
  {
    "name": "Load extend/response.js",
    "start": 1600749774040,
    "end": 1600749774123,
    "duration": 83,
    "pid": 13880,
    "index": 35
  },
  {
    "name": "Require(29) node_modules/egg/app/extend/response.js",
    "start": 1600749774070,
    "end": 1600749774079,
    "duration": 9,
    "pid": 13880,
    "index": 36
  },
  {
    "name": "Load extend/context.js",
    "start": 1600749774123,
    "end": 1600749774489,
    "duration": 366,
    "pid": 13880,
    "index": 37
  },
  {
    "name": "Require(30) node_modules/egg-security/app/extend/context.js",
    "start": 1600749774127,
    "end": 1600749774171,
    "duration": 44,
    "pid": 13880,
    "index": 38
  },
  {
    "name": "Require(31) node_modules/egg-jsonp/app/extend/context.js",
    "start": 1600749774172,
    "end": 1600749774184,
    "duration": 12,
    "pid": 13880,
    "index": 39
  },
  {
    "name": "Require(32) node_modules/egg-i18n/app/extend/context.js",
    "start": 1600749774200,
    "end": 1600749774202,
    "duration": 2,
    "pid": 13880,
    "index": 40
  },
  {
    "name": "Require(33) node_modules/egg-multipart/app/extend/context.js",
    "start": 1600749774206,
    "end": 1600749774359,
    "duration": 153,
    "pid": 13880,
    "index": 41
  },
  {
    "name": "Require(34) node_modules/egg-view/app/extend/context.js",
    "start": 1600749774363,
    "end": 1600749774366,
    "duration": 3,
    "pid": 13880,
    "index": 42
  },
  {
    "name": "Require(35) node_modules/egg-valparams/app/extend/context.js",
    "start": 1600749774370,
    "end": 1600749774414,
    "duration": 44,
    "pid": 13880,
    "index": 43
  },
  {
    "name": "Require(36) node_modules/egg-oss/app/extend/context.js",
    "start": 1600749774423,
    "end": 1600749774424,
    "duration": 1,
    "pid": 13880,
    "index": 44
  },
  {
    "name": "Require(37) node_modules/egg/app/extend/context.js",
    "start": 1600749774425,
    "end": 1600749774428,
    "duration": 3,
    "pid": 13880,
    "index": 45
  },
  {
    "name": "Require(38) app/extend/context.js",
    "start": 1600749774432,
    "end": 1600749774468,
    "duration": 36,
    "pid": 13880,
    "index": 46
  },
  {
    "name": "Load extend/helper.js",
    "start": 1600749774489,
    "end": 1600749774617,
    "duration": 128,
    "pid": 13880,
    "index": 47
  },
  {
    "name": "Require(39) node_modules/egg-security/app/extend/helper.js",
    "start": 1600749774505,
    "end": 1600749774570,
    "duration": 65,
    "pid": 13880,
    "index": 48
  },
  {
    "name": "Require(40) node_modules/egg/app/extend/helper.js",
    "start": 1600749774589,
    "end": 1600749774590,
    "duration": 1,
    "pid": 13880,
    "index": 49
  },
  {
    "name": "Load app.js",
    "start": 1600749774618,
    "end": 1600749776246,
    "duration": 1628,
    "pid": 13880,
    "index": 50
  },
  {
    "name": "Require(41) node_modules/egg-session/app.js",
    "start": 1600749774620,
    "end": 1600749774620,
    "duration": 0,
    "pid": 13880,
    "index": 51
  },
  {
    "name": "Require(42) node_modules/egg-security/app.js",
    "start": 1600749774622,
    "end": 1600749774628,
    "duration": 6,
    "pid": 13880,
    "index": 52
  },
  {
    "name": "Require(43) node_modules/egg-onerror/app.js",
    "start": 1600749774632,
    "end": 1600749774664,
    "duration": 32,
    "pid": 13880,
    "index": 53
  },
  {
    "name": "Require(44) node_modules/egg-i18n/app.js",
    "start": 1600749774665,
    "end": 1600749774734,
    "duration": 69,
    "pid": 13880,
    "index": 54
  },
  {
    "name": "Require(45) node_modules/egg-watcher/app.js",
    "start": 1600749774736,
    "end": 1600749774752,
    "duration": 16,
    "pid": 13880,
    "index": 55
  },
  {
    "name": "Require(46) node_modules/egg-schedule/app.js",
    "start": 1600749774753,
    "end": 1600749774759,
    "duration": 6,
    "pid": 13880,
    "index": 56
  },
  {
    "name": "Require(47) node_modules/egg-multipart/app.js",
    "start": 1600749774761,
    "end": 1600749774762,
    "duration": 1,
    "pid": 13880,
    "index": 57
  },
  {
    "name": "Require(48) node_modules/egg-logrotator/app.js",
    "start": 1600749774764,
    "end": 1600749774765,
    "duration": 1,
    "pid": 13880,
    "index": 58
  },
  {
    "name": "Require(49) node_modules/egg-static/app.js",
    "start": 1600749774767,
    "end": 1600749774769,
    "duration": 2,
    "pid": 13880,
    "index": 59
  },
  {
    "name": "Require(50) node_modules/egg-cors/app.js",
    "start": 1600749774772,
    "end": 1600749774773,
    "duration": 1,
    "pid": 13880,
    "index": 60
  },
  {
    "name": "Require(51) node_modules/egg-sequelize/app.js",
    "start": 1600749774775,
    "end": 1600749774776,
    "duration": 1,
    "pid": 13880,
    "index": 61
  },
  {
    "name": "Require(52) node_modules/egg-valparams/app.js",
    "start": 1600749774777,
    "end": 1600749775689,
    "duration": 912,
    "pid": 13880,
    "index": 62
  },
  {
    "name": "Require(53) node_modules/egg-jwt/app.js",
    "start": 1600749775691,
    "end": 1600749775692,
    "duration": 1,
    "pid": 13880,
    "index": 63
  },
  {
    "name": "Require(54) node_modules/egg-redis/app.js",
    "start": 1600749775693,
    "end": 1600749775698,
    "duration": 5,
    "pid": 13880,
    "index": 64
  },
  {
    "name": "Require(55) node_modules/egg-websocket-plugin/app.js",
    "start": 1600749775700,
    "end": 1600749775769,
    "duration": 69,
    "pid": 13880,
    "index": 65
  },
  {
    "name": "Require(56) node_modules/egg-oss/app.js",
    "start": 1600749775770,
    "end": 1600749776241,
    "duration": 471,
    "pid": 13880,
    "index": 66
  },
  {
    "name": "Require(57) app.js",
    "start": 1600749776244,
    "end": 1600749776245,
    "duration": 1,
    "pid": 13880,
    "index": 67
  },
  {
    "name": "Before Start in node_modules/egg-watcher/lib/init.js:15:14",
    "start": 1600749776311,
    "end": 1600749778028,
    "duration": 1717,
    "pid": 13880,
    "index": 68
  },
  {
    "name": "Load \"Symbol(model)\" to Application",
    "start": 1600749776831,
    "end": 1600749776946,
    "duration": 115,
    "pid": 13880,
    "index": 69
  },
  {
    "name": "Before Start in node_modules/egg-sequelize/lib/loader.js:39:7",
    "start": 1600749777003,
    "end": 1600749778063,
    "duration": 1060,
    "pid": 13880,
    "index": 70
  },
  {
    "name": "Before Start in node_modules/egg-redis/lib/redis.js:53:7",
    "start": 1600749777213,
    "end": 1600749777961,
    "duration": 748,
    "pid": 13880,
    "index": 71
  },
  {
    "name": "Did Load in app.js:didLoad",
    "start": 1600749777229,
    "end": 1600749777918,
    "duration": 689,
    "pid": 13880,
    "index": 72
  },
  {
    "name": "Load Service",
    "start": 1600749777229,
    "end": 1600749777281,
    "duration": 52,
    "pid": 13880,
    "index": 73
  },
  {
    "name": "Load \"service\" to Context",
    "start": 1600749777230,
    "end": 1600749777281,
    "duration": 51,
    "pid": 13880,
    "index": 74
  },
  {
    "name": "Load Middleware",
    "start": 1600749777281,
    "end": 1600749777792,
    "duration": 511,
    "pid": 13880,
    "index": 75
  },
  {
    "name": "Load \"middlewares\" to Application",
    "start": 1600749777282,
    "end": 1600749777749,
    "duration": 467,
    "pid": 13880,
    "index": 76
  },
  {
    "name": "Load Controller",
    "start": 1600749777792,
    "end": 1600749777855,
    "duration": 63,
    "pid": 13880,
    "index": 77
  },
  {
    "name": "Load \"controller\" to Application",
    "start": 1600749777792,
    "end": 1600749777855,
    "duration": 63,
    "pid": 13880,
    "index": 78
  },
  {
    "name": "Load Router",
    "start": 1600749777856,
    "end": 1600749777869,
    "duration": 13,
    "pid": 13880,
    "index": 79
  },
  {
    "name": "Require(58) app/router.js",
    "start": 1600749777857,
    "end": 1600749777858,
    "duration": 1,
    "pid": 13880,
    "index": 80
  },
  {
    "name": "Before Start in node_modules/egg-core/lib/egg.js:303:10",
    "start": 1600749777861,
    "end": 1600749777918,
    "duration": 57,
    "pid": 13880,
    "index": 81
  },
  {
    "name": "Will Ready in app.js:willReady",
    "start": 1600749778064,
    "end": 1600749778064,
    "duration": 0,
    "pid": 13880,
    "index": 82
  }
]