[
  {
    "name": "Process Start",
    "start": 1600749770256,
    "end": 1600749773651,
    "duration": 3395,
    "pid": 15704,
    "index": 0
  },
  {
    "name": "Application Start",
    "start": 1600749773653,
    "end": 1600749778530,
    "duration": 4877,
    "pid": 15704,
    "index": 1
  },
  {
    "name": "Load Plugin",
    "start": 1600749773669,
    "end": 1600749773836,
    "duration": 167,
    "pid": 15704,
    "index": 2
  },
  {
    "name": "Load Config",
    "start": 1600749773836,
    "end": 1600749773950,
    "duration": 114,
    "pid": 15704,
    "index": 3
  },
  {
    "name": "Require(0) config/config.default.js",
    "start": 1600749773839,
    "end": 1600749773840,
    "duration": 1,
    "pid": 15704,
    "index": 4
  },
  {
    "name": "Require(1) node_modules/egg-session/config/config.default.js",
    "start": 1600749773846,
    "end": 1600749773848,
    "duration": 2,
    "pid": 15704,
    "index": 5
  },
  {
    "name": "Require(2) node_modules/egg-security/config/config.default.js",
    "start": 1600749773850,
    "end": 1600749773852,
    "duration": 2,
    "pid": 15704,
    "index": 6
  },
  {
    "name": "Require(3) node_modules/egg-jsonp/config/config.default.js",
    "start": 1600749773855,
    "end": 1600749773856,
    "duration": 1,
    "pid": 15704,
    "index": 7
  },
  {
    "name": "Require(4) node_modules/egg-onerror/config/config.default.js",
    "start": 1600749773858,
    "end": 1600749773860,
    "duration": 2,
    "pid": 15704,
    "index": 8
  },
  {
    "name": "Require(5) node_modules/egg-i18n/config/config.default.js",
    "start": 1600749773862,
    "end": 1600749773863,
    "duration": 1,
    "pid": 15704,
    "index": 9
  },
  {
    "name": "Require(6) node_modules/egg-watcher/config/config.default.js",
    "start": 1600749773865,
    "end": 1600749773867,
    "duration": 2,
    "pid": 15704,
    "index": 10
  },
  {
    "name": "Require(7) node_modules/egg-schedule/config/config.default.js",
    "start": 1600749773869,
    "end": 1600749773870,
    "duration": 1,
    "pid": 15704,
    "index": 11
  },
  {
    "name": "Require(8) node_modules/egg-multipart/config/config.default.js",
    "start": 1600749773876,
    "end": 1600749773878,
    "duration": 2,
    "pid": 15704,
    "index": 12
  },
  {
    "name": "Require(9) node_modules/egg-logrotator/config/config.default.js",
    "start": 1600749773883,
    "end": 1600749773885,
    "duration": 2,
    "pid": 15704,
    "index": 13
  },
  {
    "name": "Require(10) node_modules/egg-static/config/config.default.js",
    "start": 1600749773886,
    "end": 1600749773888,
    "duration": 2,
    "pid": 15704,
    "index": 14
  },
  {
    "name": "Require(11) node_modules/egg-view/config/config.default.js",
    "start": 1600749773890,
    "end": 1600749773891,
    "duration": 1,
    "pid": 15704,
    "index": 15
  },
  {
    "name": "Require(12) node_modules/egg-cors/config/config.default.js",
    "start": 1600749773894,
    "end": 1600749773895,
    "duration": 1,
    "pid": 15704,
    "index": 16
  },
  {
    "name": "Require(13) node_modules/egg-sequelize/config/config.default.js",
    "start": 1600749773897,
    "end": 1600749773899,
    "duration": 2,
    "pid": 15704,
    "index": 17
  },
  {
    "name": "Require(14) node_modules/egg-valparams/config/config.default.js",
    "start": 1600749773901,
    "end": 1600749773902,
    "duration": 1,
    "pid": 15704,
    "index": 18
  },
  {
    "name": "Require(15) node_modules/egg-jwt/config/config.default.js",
    "start": 1600749773904,
    "end": 1600749773905,
    "duration": 1,
    "pid": 15704,
    "index": 19
  },
  {
    "name": "Require(16) node_modules/egg-redis/config/config.default.js",
    "start": 1600749773907,
    "end": 1600749773910,
    "duration": 3,
    "pid": 15704,
    "index": 20
  },
  {
    "name": "Require(17) node_modules/egg-websocket-plugin/config/config.default.js",
    "start": 1600749773912,
    "end": 1600749773914,
    "duration": 2,
    "pid": 15704,
    "index": 21
  },
  {
    "name": "Require(18) node_modules/egg-oss/config/config.default.js",
    "start": 1600749773916,
    "end": 1600749773918,
    "duration": 2,
    "pid": 15704,
    "index": 22
  },
  {
    "name": "Require(19) node_modules/egg/config/config.default.js",
    "start": 1600749773920,
    "end": 1600749773921,
    "duration": 1,
    "pid": 15704,
    "index": 23
  },
  {
    "name": "Require(20) config/config.default.js",
    "start": 1600749773924,
    "end": 1600749773924,
    "duration": 0,
    "pid": 15704,
    "index": 24
  },
  {
    "name": "Require(21) node_modules/egg-static/config/config.prod.js",
    "start": 1600749773936,
    "end": 1600749773936,
    "duration": 0,
    "pid": 15704,
    "index": 25
  },
  {
    "name": "Load extend/application.js",
    "start": 1600749773953,
    "end": 1600749774267,
    "duration": 314,
    "pid": 15704,
    "index": 26
  },
  {
    "name": "Require(22) node_modules/egg-session/app/extend/application.js",
    "start": 1600749773955,
    "end": 1600749773957,
    "duration": 2,
    "pid": 15704,
    "index": 27
  },
  {
    "name": "Require(23) node_modules/egg-security/app/extend/application.js",
    "start": 1600749773959,
    "end": 1600749773981,
    "duration": 22,
    "pid": 15704,
    "index": 28
  },
  {
    "name": "Require(24) node_modules/egg-jsonp/app/extend/application.js",
    "start": 1600749773984,
    "end": 1600749773990,
    "duration": 6,
    "pid": 15704,
    "index": 29
  },
  {
    "name": "Require(25) node_modules/egg-logrotator/app/extend/application.js",
    "start": 1600749773999,
    "end": 1600749774005,
    "duration": 6,
    "pid": 15704,
    "index": 30
  },
  {
    "name": "Require(26) node_modules/egg-view/app/extend/application.js",
    "start": 1600749774008,
    "end": 1600749774014,
    "duration": 6,
    "pid": 15704,
    "index": 31
  },
  {
    "name": "Require(27) node_modules/egg-jwt/app/extend/application.js",
    "start": 1600749774020,
    "end": 1600749774220,
    "duration": 200,
    "pid": 15704,
    "index": 32
  },
  {
    "name": "Load extend/request.js",
    "start": 1600749774267,
    "end": 1600749774337,
    "duration": 70,
    "pid": 15704,
    "index": 33
  },
  {
    "name": "Require(28) node_modules/egg/app/extend/request.js",
    "start": 1600749774301,
    "end": 1600749774305,
    "duration": 4,
    "pid": 15704,
    "index": 34
  },
  {
    "name": "Load extend/response.js",
    "start": 1600749774338,
    "end": 1600749774394,
    "duration": 56,
    "pid": 15704,
    "index": 35
  },
  {
    "name": "Require(29) node_modules/egg/app/extend/response.js",
    "start": 1600749774356,
    "end": 1600749774367,
    "duration": 11,
    "pid": 15704,
    "index": 36
  },
  {
    "name": "Load extend/context.js",
    "start": 1600749774394,
    "end": 1600749774729,
    "duration": 335,
    "pid": 15704,
    "index": 37
  },
  {
    "name": "Require(30) node_modules/egg-security/app/extend/context.js",
    "start": 1600749774398,
    "end": 1600749774449,
    "duration": 51,
    "pid": 15704,
    "index": 38
  },
  {
    "name": "Require(31) node_modules/egg-jsonp/app/extend/context.js",
    "start": 1600749774451,
    "end": 1600749774459,
    "duration": 8,
    "pid": 15704,
    "index": 39
  },
  {
    "name": "Require(32) node_modules/egg-i18n/app/extend/context.js",
    "start": 1600749774463,
    "end": 1600749774464,
    "duration": 1,
    "pid": 15704,
    "index": 40
  },
  {
    "name": "Require(33) node_modules/egg-multipart/app/extend/context.js",
    "start": 1600749774472,
    "end": 1600749774603,
    "duration": 131,
    "pid": 15704,
    "index": 41
  },
  {
    "name": "Require(34) node_modules/egg-view/app/extend/context.js",
    "start": 1600749774608,
    "end": 1600749774611,
    "duration": 3,
    "pid": 15704,
    "index": 42
  },
  {
    "name": "Require(35) node_modules/egg-valparams/app/extend/context.js",
    "start": 1600749774615,
    "end": 1600749774658,
    "duration": 43,
    "pid": 15704,
    "index": 43
  },
  {
    "name": "Require(36) node_modules/egg-oss/app/extend/context.js",
    "start": 1600749774664,
    "end": 1600749774665,
    "duration": 1,
    "pid": 15704,
    "index": 44
  },
  {
    "name": "Require(37) node_modules/egg/app/extend/context.js",
    "start": 1600749774667,
    "end": 1600749774671,
    "duration": 4,
    "pid": 15704,
    "index": 45
  },
  {
    "name": "Require(38) app/extend/context.js",
    "start": 1600749774673,
    "end": 1600749774703,
    "duration": 30,
    "pid": 15704,
    "index": 46
  },
  {
    "name": "Load extend/helper.js",
    "start": 1600749774729,
    "end": 1600749774868,
    "duration": 139,
    "pid": 15704,
    "index": 47
  },
  {
    "name": "Require(39) node_modules/egg-security/app/extend/helper.js",
    "start": 1600749774732,
    "end": 1600749774821,
    "duration": 89,
    "pid": 15704,
    "index": 48
  },
  {
    "name": "Require(40) node_modules/egg/app/extend/helper.js",
    "start": 1600749774841,
    "end": 1600749774842,
    "duration": 1,
    "pid": 15704,
    "index": 49
  },
  {
    "name": "Load app.js",
    "start": 1600749774869,
    "end": 1600749776575,
    "duration": 1706,
    "pid": 15704,
    "index": 50
  },
  {
    "name": "Require(41) node_modules/egg-session/app.js",
    "start": 1600749774870,
    "end": 1600749774871,
    "duration": 1,
    "pid": 15704,
    "index": 51
  },
  {
    "name": "Require(42) node_modules/egg-security/app.js",
    "start": 1600749774875,
    "end": 1600749774880,
    "duration": 5,
    "pid": 15704,
    "index": 52
  },
  {
    "name": "Require(43) node_modules/egg-onerror/app.js",
    "start": 1600749774884,
    "end": 1600749774916,
    "duration": 32,
    "pid": 15704,
    "index": 53
  },
  {
    "name": "Require(44) node_modules/egg-i18n/app.js",
    "start": 1600749774918,
    "end": 1600749774989,
    "duration": 71,
    "pid": 15704,
    "index": 54
  },
  {
    "name": "Require(45) node_modules/egg-watcher/app.js",
    "start": 1600749774991,
    "end": 1600749775006,
    "duration": 15,
    "pid": 15704,
    "index": 55
  },
  {
    "name": "Require(46) node_modules/egg-schedule/app.js",
    "start": 1600749775008,
    "end": 1600749775014,
    "duration": 6,
    "pid": 15704,
    "index": 56
  },
  {
    "name": "Require(47) node_modules/egg-multipart/app.js",
    "start": 1600749775015,
    "end": 1600749775017,
    "duration": 2,
    "pid": 15704,
    "index": 57
  },
  {
    "name": "Require(48) node_modules/egg-logrotator/app.js",
    "start": 1600749775018,
    "end": 1600749775019,
    "duration": 1,
    "pid": 15704,
    "index": 58
  },
  {
    "name": "Require(49) node_modules/egg-static/app.js",
    "start": 1600749775020,
    "end": 1600749775021,
    "duration": 1,
    "pid": 15704,
    "index": 59
  },
  {
    "name": "Require(50) node_modules/egg-cors/app.js",
    "start": 1600749775024,
    "end": 1600749775025,
    "duration": 1,
    "pid": 15704,
    "index": 60
  },
  {
    "name": "Require(51) node_modules/egg-sequelize/app.js",
    "start": 1600749775027,
    "end": 1600749775028,
    "duration": 1,
    "pid": 15704,
    "index": 61
  },
  {
    "name": "Require(52) node_modules/egg-valparams/app.js",
    "start": 1600749775030,
    "end": 1600749776018,
    "duration": 988,
    "pid": 15704,
    "index": 62
  },
  {
    "name": "Require(53) node_modules/egg-jwt/app.js",
    "start": 1600749776020,
    "end": 1600749776021,
    "duration": 1,
    "pid": 15704,
    "index": 63
  },
  {
    "name": "Require(54) node_modules/egg-redis/app.js",
    "start": 1600749776023,
    "end": 1600749776031,
    "duration": 8,
    "pid": 15704,
    "index": 64
  },
  {
    "name": "Require(55) node_modules/egg-websocket-plugin/app.js",
    "start": 1600749776032,
    "end": 1600749776085,
    "duration": 53,
    "pid": 15704,
    "index": 65
  },
  {
    "name": "Require(56) node_modules/egg-oss/app.js",
    "start": 1600749776087,
    "end": 1600749776569,
    "duration": 482,
    "pid": 15704,
    "index": 66
  },
  {
    "name": "Require(57) app.js",
    "start": 1600749776574,
    "end": 1600749776575,
    "duration": 1,
    "pid": 15704,
    "index": 67
  },
  {
    "name": "Before Start in node_modules/egg-watcher/lib/init.js:15:14",
    "start": 1600749776665,
    "end": 1600749778372,
    "duration": 1707,
    "pid": 15704,
    "index": 68
  },
  {
    "name": "Load \"Symbol(model)\" to Application",
    "start": 1600749777371,
    "end": 1600749777467,
    "duration": 96,
    "pid": 15704,
    "index": 69
  },
  {
    "name": "Before Start in node_modules/egg-sequelize/lib/loader.js:39:7",
    "start": 1600749777497,
    "end": 1600749778527,
    "duration": 1030,
    "pid": 15704,
    "index": 70
  },
  {
    "name": "Before Start in node_modules/egg-redis/lib/redis.js:53:7",
    "start": 1600749777675,
    "end": 1600749778365,
    "duration": 690,
    "pid": 15704,
    "index": 71
  },
  {
    "name": "Did Load in app.js:didLoad",
    "start": 1600749777681,
    "end": 1600749778339,
    "duration": 658,
    "pid": 15704,
    "index": 72
  },
  {
    "name": "Load Service",
    "start": 1600749777681,
    "end": 1600749777712,
    "duration": 31,
    "pid": 15704,
    "index": 73
  },
  {
    "name": "Load \"service\" to Context",
    "start": 1600749777682,
    "end": 1600749777712,
    "duration": 30,
    "pid": 15704,
    "index": 74
  },
  {
    "name": "Load Middleware",
    "start": 1600749777713,
    "end": 1600749778250,
    "duration": 537,
    "pid": 15704,
    "index": 75
  },
  {
    "name": "Load \"middlewares\" to Application",
    "start": 1600749777713,
    "end": 1600749778218,
    "duration": 505,
    "pid": 15704,
    "index": 76
  },
  {
    "name": "Load Controller",
    "start": 1600749778250,
    "end": 1600749778296,
    "duration": 46,
    "pid": 15704,
    "index": 77
  },
  {
    "name": "Load \"controller\" to Application",
    "start": 1600749778250,
    "end": 1600749778295,
    "duration": 45,
    "pid": 15704,
    "index": 78
  },
  {
    "name": "Load Router",
    "start": 1600749778296,
    "end": 1600749778303,
    "duration": 7,
    "pid": 15704,
    "index": 79
  },
  {
    "name": "Require(58) app/router.js",
    "start": 1600749778297,
    "end": 1600749778298,
    "duration": 1,
    "pid": 15704,
    "index": 80
  },
  {
    "name": "Before Start in node_modules/egg-core/lib/egg.js:303:10",
    "start": 1600749778299,
    "end": 1600749778339,
    "duration": 40,
    "pid": 15704,
    "index": 81
  },
  {
    "name": "Will Ready in app.js:willReady",
    "start": 1600749778528,
    "end": 1600749778528,
    "duration": 0,
    "pid": 15704,
    "index": 82
  }
]