[
  {
    "name": "Process Start",
    "start": 1600749745589,
    "end": 1600749747931,
    "duration": 2342,
    "pid": 7272,
    "index": 0
  },
  {
    "name": "Application Start",
    "start": 1600749747932,
    "end": 1600749750504,
    "duration": 2572,
    "pid": 7272,
    "index": 1
  },
  {
    "name": "Load Plugin",
    "start": 1600749747942,
    "end": 1600749748029,
    "duration": 87,
    "pid": 7272,
    "index": 2
  },
  {
    "name": "Load Config",
    "start": 1600749748029,
    "end": 1600749748091,
    "duration": 62,
    "pid": 7272,
    "index": 3
  },
  {
    "name": "Require(0) config/config.default.js",
    "start": 1600749748031,
    "end": 1600749748031,
    "duration": 0,
    "pid": 7272,
    "index": 4
  },
  {
    "name": "Require(1) node_modules/egg-session/config/config.default.js",
    "start": 1600749748035,
    "end": 1600749748036,
    "duration": 1,
    "pid": 7272,
    "index": 5
  },
  {
    "name": "Require(2) node_modules/egg-security/config/config.default.js",
    "start": 1600749748037,
    "end": 1600749748038,
    "duration": 1,
    "pid": 7272,
    "index": 6
  },
  {
    "name": "Require(3) node_modules/egg-jsonp/config/config.default.js",
    "start": 1600749748039,
    "end": 1600749748040,
    "duration": 1,
    "pid": 7272,
    "index": 7
  },
  {
    "name": "Require(4) node_modules/egg-onerror/config/config.default.js",
    "start": 1600749748042,
    "end": 1600749748042,
    "duration": 0,
    "pid": 7272,
    "index": 8
  },
  {
    "name": "Require(5) node_modules/egg-i18n/config/config.default.js",
    "start": 1600749748043,
    "end": 1600749748044,
    "duration": 1,
    "pid": 7272,
    "index": 9
  },
  {
    "name": "Require(6) node_modules/egg-watcher/config/config.default.js",
    "start": 1600749748046,
    "end": 1600749748047,
    "duration": 1,
    "pid": 7272,
    "index": 10
  },
  {
    "name": "Require(7) node_modules/egg-schedule/config/config.default.js",
    "start": 1600749748048,
    "end": 1600749748048,
    "duration": 0,
    "pid": 7272,
    "index": 11
  },
  {
    "name": "Require(8) node_modules/egg-multipart/config/config.default.js",
    "start": 1600749748050,
    "end": 1600749748051,
    "duration": 1,
    "pid": 7272,
    "index": 12
  },
  {
    "name": "Require(9) node_modules/egg-development/config/config.default.js",
    "start": 1600749748052,
    "end": 1600749748053,
    "duration": 1,
    "pid": 7272,
    "index": 13
  },
  {
    "name": "Require(10) node_modules/egg-logrotator/config/config.default.js",
    "start": 1600749748054,
    "end": 1600749748055,
    "duration": 1,
    "pid": 7272,
    "index": 14
  },
  {
    "name": "Require(11) node_modules/egg-static/config/config.default.js",
    "start": 1600749748056,
    "end": 1600749748057,
    "duration": 1,
    "pid": 7272,
    "index": 15
  },
  {
    "name": "Require(12) node_modules/egg-view/config/config.default.js",
    "start": 1600749748058,
    "end": 1600749748059,
    "duration": 1,
    "pid": 7272,
    "index": 16
  },
  {
    "name": "Require(13) node_modules/egg-cors/config/config.default.js",
    "start": 1600749748060,
    "end": 1600749748061,
    "duration": 1,
    "pid": 7272,
    "index": 17
  },
  {
    "name": "Require(14) node_modules/egg-sequelize/config/config.default.js",
    "start": 1600749748062,
    "end": 1600749748063,
    "duration": 1,
    "pid": 7272,
    "index": 18
  },
  {
    "name": "Require(15) node_modules/egg-valparams/config/config.default.js",
    "start": 1600749748064,
    "end": 1600749748065,
    "duration": 1,
    "pid": 7272,
    "index": 19
  },
  {
    "name": "Require(16) node_modules/egg-jwt/config/config.default.js",
    "start": 1600749748066,
    "end": 1600749748067,
    "duration": 1,
    "pid": 7272,
    "index": 20
  },
  {
    "name": "Require(17) node_modules/egg-redis/config/config.default.js",
    "start": 1600749748068,
    "end": 1600749748069,
    "duration": 1,
    "pid": 7272,
    "index": 21
  },
  {
    "name": "Require(18) node_modules/egg-websocket-plugin/config/config.default.js",
    "start": 1600749748070,
    "end": 1600749748071,
    "duration": 1,
    "pid": 7272,
    "index": 22
  },
  {
    "name": "Require(19) node_modules/egg-oss/config/config.default.js",
    "start": 1600749748072,
    "end": 1600749748073,
    "duration": 1,
    "pid": 7272,
    "index": 23
  },
  {
    "name": "Require(20) node_modules/egg/config/config.default.js",
    "start": 1600749748073,
    "end": 1600749748074,
    "duration": 1,
    "pid": 7272,
    "index": 24
  },
  {
    "name": "Require(21) config/config.default.js",
    "start": 1600749748076,
    "end": 1600749748076,
    "duration": 0,
    "pid": 7272,
    "index": 25
  },
  {
    "name": "Require(22) node_modules/egg-security/config/config.local.js",
    "start": 1600749748077,
    "end": 1600749748078,
    "duration": 1,
    "pid": 7272,
    "index": 26
  },
  {
    "name": "Require(23) node_modules/egg-watcher/config/config.local.js",
    "start": 1600749748081,
    "end": 1600749748081,
    "duration": 0,
    "pid": 7272,
    "index": 27
  },
  {
    "name": "Require(24) node_modules/egg-view/config/config.local.js",
    "start": 1600749748085,
    "end": 1600749748085,
    "duration": 0,
    "pid": 7272,
    "index": 28
  },
  {
    "name": "Require(25) node_modules/egg/config/config.local.js",
    "start": 1600749748090,
    "end": 1600749748091,
    "duration": 1,
    "pid": 7272,
    "index": 29
  },
  {
    "name": "Load extend/application.js",
    "start": 1600749748092,
    "end": 1600749748222,
    "duration": 130,
    "pid": 7272,
    "index": 30
  },
  {
    "name": "Require(26) node_modules/egg-session/app/extend/application.js",
    "start": 1600749748094,
    "end": 1600749748094,
    "duration": 0,
    "pid": 7272,
    "index": 31
  },
  {
    "name": "Require(27) node_modules/egg-security/app/extend/application.js",
    "start": 1600749748096,
    "end": 1600749748098,
    "duration": 2,
    "pid": 7272,
    "index": 32
  },
  {
    "name": "Require(28) node_modules/egg-jsonp/app/extend/application.js",
    "start": 1600749748100,
    "end": 1600749748102,
    "duration": 2,
    "pid": 7272,
    "index": 33
  },
  {
    "name": "Require(29) node_modules/egg-logrotator/app/extend/application.js",
    "start": 1600749748107,
    "end": 1600749748110,
    "duration": 3,
    "pid": 7272,
    "index": 34
  },
  {
    "name": "Require(30) node_modules/egg-view/app/extend/application.js",
    "start": 1600749748112,
    "end": 1600749748115,
    "duration": 3,
    "pid": 7272,
    "index": 35
  },
  {
    "name": "Require(31) node_modules/egg-jwt/app/extend/application.js",
    "start": 1600749748117,
    "end": 1600749748200,
    "duration": 83,
    "pid": 7272,
    "index": 36
  },
  {
    "name": "Load extend/request.js",
    "start": 1600749748223,
    "end": 1600749748255,
    "duration": 32,
    "pid": 7272,
    "index": 37
  },
  {
    "name": "Require(32) node_modules/egg/app/extend/request.js",
    "start": 1600749748239,
    "end": 1600749748241,
    "duration": 2,
    "pid": 7272,
    "index": 38
  },
  {
    "name": "Load extend/response.js",
    "start": 1600749748255,
    "end": 1600749748286,
    "duration": 31,
    "pid": 7272,
    "index": 39
  },
  {
    "name": "Require(33) node_modules/egg/app/extend/response.js",
    "start": 1600749748267,
    "end": 1600749748272,
    "duration": 5,
    "pid": 7272,
    "index": 40
  },
  {
    "name": "Load extend/context.js",
    "start": 1600749748286,
    "end": 1600749748499,
    "duration": 213,
    "pid": 7272,
    "index": 41
  },
  {
    "name": "Require(34) node_modules/egg-security/app/extend/context.js",
    "start": 1600749748288,
    "end": 1600749748314,
    "duration": 26,
    "pid": 7272,
    "index": 42
  },
  {
    "name": "Require(35) node_modules/egg-jsonp/app/extend/context.js",
    "start": 1600749748315,
    "end": 1600749748318,
    "duration": 3,
    "pid": 7272,
    "index": 43
  },
  {
    "name": "Require(36) node_modules/egg-i18n/app/extend/context.js",
    "start": 1600749748320,
    "end": 1600749748321,
    "duration": 1,
    "pid": 7272,
    "index": 44
  },
  {
    "name": "Require(37) node_modules/egg-multipart/app/extend/context.js",
    "start": 1600749748324,
    "end": 1600749748414,
    "duration": 90,
    "pid": 7272,
    "index": 45
  },
  {
    "name": "Require(38) node_modules/egg-view/app/extend/context.js",
    "start": 1600749748417,
    "end": 1600749748421,
    "duration": 4,
    "pid": 7272,
    "index": 46
  },
  {
    "name": "Require(39) node_modules/egg-valparams/app/extend/context.js",
    "start": 1600749748423,
    "end": 1600749748459,
    "duration": 36,
    "pid": 7272,
    "index": 47
  },
  {
    "name": "Require(40) node_modules/egg-oss/app/extend/context.js",
    "start": 1600749748462,
    "end": 1600749748463,
    "duration": 1,
    "pid": 7272,
    "index": 48
  },
  {
    "name": "Require(41) node_modules/egg/app/extend/context.js",
    "start": 1600749748464,
    "end": 1600749748467,
    "duration": 3,
    "pid": 7272,
    "index": 49
  },
  {
    "name": "Require(42) app/extend/context.js",
    "start": 1600749748469,
    "end": 1600749748486,
    "duration": 17,
    "pid": 7272,
    "index": 50
  },
  {
    "name": "Load extend/helper.js",
    "start": 1600749748499,
    "end": 1600749748570,
    "duration": 71,
    "pid": 7272,
    "index": 51
  },
  {
    "name": "Require(43) node_modules/egg-security/app/extend/helper.js",
    "start": 1600749748501,
    "end": 1600749748543,
    "duration": 42,
    "pid": 7272,
    "index": 52
  },
  {
    "name": "Require(44) node_modules/egg/app/extend/helper.js",
    "start": 1600749748555,
    "end": 1600749748556,
    "duration": 1,
    "pid": 7272,
    "index": 53
  },
  {
    "name": "Load app.js",
    "start": 1600749748570,
    "end": 1600749749504,
    "duration": 934,
    "pid": 7272,
    "index": 54
  },
  {
    "name": "Require(45) node_modules/egg-session/app.js",
    "start": 1600749748571,
    "end": 1600749748572,
    "duration": 1,
    "pid": 7272,
    "index": 55
  },
  {
    "name": "Require(46) node_modules/egg-security/app.js",
    "start": 1600749748573,
    "end": 1600749748578,
    "duration": 5,
    "pid": 7272,
    "index": 56
  },
  {
    "name": "Require(47) node_modules/egg-onerror/app.js",
    "start": 1600749748581,
    "end": 1600749748603,
    "duration": 22,
    "pid": 7272,
    "index": 57
  },
  {
    "name": "Require(48) node_modules/egg-i18n/app.js",
    "start": 1600749748604,
    "end": 1600749748645,
    "duration": 41,
    "pid": 7272,
    "index": 58
  },
  {
    "name": "Require(49) node_modules/egg-watcher/app.js",
    "start": 1600749748646,
    "end": 1600749748655,
    "duration": 9,
    "pid": 7272,
    "index": 59
  },
  {
    "name": "Require(50) node_modules/egg-schedule/app.js",
    "start": 1600749748656,
    "end": 1600749748660,
    "duration": 4,
    "pid": 7272,
    "index": 60
  },
  {
    "name": "Require(51) node_modules/egg-multipart/app.js",
    "start": 1600749748661,
    "end": 1600749748662,
    "duration": 1,
    "pid": 7272,
    "index": 61
  },
  {
    "name": "Require(52) node_modules/egg-development/app.js",
    "start": 1600749748663,
    "end": 1600749748663,
    "duration": 0,
    "pid": 7272,
    "index": 62
  },
  {
    "name": "Require(53) node_modules/egg-logrotator/app.js",
    "start": 1600749748664,
    "end": 1600749748665,
    "duration": 1,
    "pid": 7272,
    "index": 63
  },
  {
    "name": "Require(54) node_modules/egg-static/app.js",
    "start": 1600749748666,
    "end": 1600749748666,
    "duration": 0,
    "pid": 7272,
    "index": 64
  },
  {
    "name": "Require(55) node_modules/egg-cors/app.js",
    "start": 1600749748669,
    "end": 1600749748669,
    "duration": 0,
    "pid": 7272,
    "index": 65
  },
  {
    "name": "Require(56) node_modules/egg-sequelize/app.js",
    "start": 1600749748670,
    "end": 1600749748671,
    "duration": 1,
    "pid": 7272,
    "index": 66
  },
  {
    "name": "Require(57) node_modules/egg-valparams/app.js",
    "start": 1600749748672,
    "end": 1600749749200,
    "duration": 528,
    "pid": 7272,
    "index": 67
  },
  {
    "name": "Require(58) node_modules/egg-jwt/app.js",
    "start": 1600749749201,
    "end": 1600749749202,
    "duration": 1,
    "pid": 7272,
    "index": 68
  },
  {
    "name": "Require(59) node_modules/egg-redis/app.js",
    "start": 1600749749203,
    "end": 1600749749206,
    "duration": 3,
    "pid": 7272,
    "index": 69
  },
  {
    "name": "Require(60) node_modules/egg-websocket-plugin/app.js",
    "start": 1600749749207,
    "end": 1600749749242,
    "duration": 35,
    "pid": 7272,
    "index": 70
  },
  {
    "name": "Require(61) node_modules/egg-oss/app.js",
    "start": 1600749749243,
    "end": 1600749749502,
    "duration": 259,
    "pid": 7272,
    "index": 71
  },
  {
    "name": "Require(62) app.js",
    "start": 1600749749504,
    "end": 1600749749504,
    "duration": 0,
    "pid": 7272,
    "index": 72
  },
  {
    "name": "Before Start in node_modules/egg-watcher/lib/init.js:15:14",
    "start": 1600749749527,
    "end": 1600749750439,
    "duration": 912,
    "pid": 7272,
    "index": 73
  },
  {
    "name": "Load \"Symbol(model)\" to Application",
    "start": 1600749749776,
    "end": 1600749749824,
    "duration": 48,
    "pid": 7272,
    "index": 74
  },
  {
    "name": "Before Start in node_modules/egg-sequelize/lib/loader.js:39:7",
    "start": 1600749749838,
    "end": 1600749750503,
    "duration": 665,
    "pid": 7272,
    "index": 75
  },
  {
    "name": "Before Start in node_modules/egg-redis/lib/redis.js:53:7",
    "start": 1600749749932,
    "end": 1600749750387,
    "duration": 455,
    "pid": 7272,
    "index": 76
  },
  {
    "name": "Did Load in app.js:didLoad",
    "start": 1600749749937,
    "end": 1600749750333,
    "duration": 396,
    "pid": 7272,
    "index": 77
  },
  {
    "name": "Load Service",
    "start": 1600749749937,
    "end": 1600749749957,
    "duration": 20,
    "pid": 7272,
    "index": 78
  },
  {
    "name": "Load \"service\" to Context",
    "start": 1600749749937,
    "end": 1600749749957,
    "duration": 20,
    "pid": 7272,
    "index": 79
  },
  {
    "name": "Load Middleware",
    "start": 1600749749957,
    "end": 1600749750264,
    "duration": 307,
    "pid": 7272,
    "index": 80
  },
  {
    "name": "Load \"middlewares\" to Application",
    "start": 1600749749957,
    "end": 1600749750242,
    "duration": 285,
    "pid": 7272,
    "index": 81
  },
  {
    "name": "Load Controller",
    "start": 1600749750265,
    "end": 1600749750295,
    "duration": 30,
    "pid": 7272,
    "index": 82
  },
  {
    "name": "Load \"controller\" to Application",
    "start": 1600749750265,
    "end": 1600749750295,
    "duration": 30,
    "pid": 7272,
    "index": 83
  },
  {
    "name": "Load Router",
    "start": 1600749750295,
    "end": 1600749750300,
    "duration": 5,
    "pid": 7272,
    "index": 84
  },
  {
    "name": "Require(63) app/router.js",
    "start": 1600749750296,
    "end": 1600749750297,
    "duration": 1,
    "pid": 7272,
    "index": 85
  },
  {
    "name": "Before Start in node_modules/egg-core/lib/egg.js:303:10",
    "start": 1600749750298,
    "end": 1600749750333,
    "duration": 35,
    "pid": 7272,
    "index": 86
  },
  {
    "name": "Will Ready in app.js:willReady",
    "start": 1600749750503,
    "end": 1600749750503,
    "duration": 0,
    "pid": 7272,
    "index": 87
  }
]