[
  {
    "name": "Process Start",
    "start": 1600749770203,
    "end": 1600749773517,
    "duration": 3314,
    "pid": 13996,
    "index": 0
  },
  {
    "name": "Application Start",
    "start": 1600749773521,
    "end": 1600749778177,
    "duration": 4656,
    "pid": 13996,
    "index": 1
  },
  {
    "name": "Load Plugin",
    "start": 1600749773547,
    "end": 1600749773717,
    "duration": 170,
    "pid": 13996,
    "index": 2
  },
  {
    "name": "Load Config",
    "start": 1600749773717,
    "end": 1600749773832,
    "duration": 115,
    "pid": 13996,
    "index": 3
  },
  {
    "name": "Require(0) config/config.default.js",
    "start": 1600749773720,
    "end": 1600749773721,
    "duration": 1,
    "pid": 13996,
    "index": 4
  },
  {
    "name": "Require(1) node_modules/egg-session/config/config.default.js",
    "start": 1600749773727,
    "end": 1600749773729,
    "duration": 2,
    "pid": 13996,
    "index": 5
  },
  {
    "name": "Require(2) node_modules/egg-security/config/config.default.js",
    "start": 1600749773730,
    "end": 1600749773732,
    "duration": 2,
    "pid": 13996,
    "index": 6
  },
  {
    "name": "Require(3) node_modules/egg-jsonp/config/config.default.js",
    "start": 1600749773738,
    "end": 1600749773740,
    "duration": 2,
    "pid": 13996,
    "index": 7
  },
  {
    "name": "Require(4) node_modules/egg-onerror/config/config.default.js",
    "start": 1600749773742,
    "end": 1600749773744,
    "duration": 2,
    "pid": 13996,
    "index": 8
  },
  {
    "name": "Require(5) node_modules/egg-i18n/config/config.default.js",
    "start": 1600749773746,
    "end": 1600749773748,
    "duration": 2,
    "pid": 13996,
    "index": 9
  },
  {
    "name": "Require(6) node_modules/egg-watcher/config/config.default.js",
    "start": 1600749773750,
    "end": 1600749773752,
    "duration": 2,
    "pid": 13996,
    "index": 10
  },
  {
    "name": "Require(7) node_modules/egg-schedule/config/config.default.js",
    "start": 1600749773754,
    "end": 1600749773756,
    "duration": 2,
    "pid": 13996,
    "index": 11
  },
  {
    "name": "Require(8) node_modules/egg-multipart/config/config.default.js",
    "start": 1600749773758,
    "end": 1600749773760,
    "duration": 2,
    "pid": 13996,
    "index": 12
  },
  {
    "name": "Require(9) node_modules/egg-logrotator/config/config.default.js",
    "start": 1600749773762,
    "end": 1600749773764,
    "duration": 2,
    "pid": 13996,
    "index": 13
  },
  {
    "name": "Require(10) node_modules/egg-static/config/config.default.js",
    "start": 1600749773766,
    "end": 1600749773768,
    "duration": 2,
    "pid": 13996,
    "index": 14
  },
  {
    "name": "Require(11) node_modules/egg-view/config/config.default.js",
    "start": 1600749773770,
    "end": 1600749773773,
    "duration": 3,
    "pid": 13996,
    "index": 15
  },
  {
    "name": "Require(12) node_modules/egg-cors/config/config.default.js",
    "start": 1600749773775,
    "end": 1600749773776,
    "duration": 1,
    "pid": 13996,
    "index": 16
  },
  {
    "name": "Require(13) node_modules/egg-sequelize/config/config.default.js",
    "start": 1600749773778,
    "end": 1600749773779,
    "duration": 1,
    "pid": 13996,
    "index": 17
  },
  {
    "name": "Require(14) node_modules/egg-valparams/config/config.default.js",
    "start": 1600749773782,
    "end": 1600749773784,
    "duration": 2,
    "pid": 13996,
    "index": 18
  },
  {
    "name": "Require(15) node_modules/egg-jwt/config/config.default.js",
    "start": 1600749773788,
    "end": 1600749773790,
    "duration": 2,
    "pid": 13996,
    "index": 19
  },
  {
    "name": "Require(16) node_modules/egg-redis/config/config.default.js",
    "start": 1600749773791,
    "end": 1600749773794,
    "duration": 3,
    "pid": 13996,
    "index": 20
  },
  {
    "name": "Require(17) node_modules/egg-websocket-plugin/config/config.default.js",
    "start": 1600749773795,
    "end": 1600749773798,
    "duration": 3,
    "pid": 13996,
    "index": 21
  },
  {
    "name": "Require(18) node_modules/egg-oss/config/config.default.js",
    "start": 1600749773800,
    "end": 1600749773801,
    "duration": 1,
    "pid": 13996,
    "index": 22
  },
  {
    "name": "Require(19) node_modules/egg/config/config.default.js",
    "start": 1600749773803,
    "end": 1600749773805,
    "duration": 2,
    "pid": 13996,
    "index": 23
  },
  {
    "name": "Require(20) config/config.default.js",
    "start": 1600749773809,
    "end": 1600749773809,
    "duration": 0,
    "pid": 13996,
    "index": 24
  },
  {
    "name": "Require(21) node_modules/egg-static/config/config.prod.js",
    "start": 1600749773820,
    "end": 1600749773821,
    "duration": 1,
    "pid": 13996,
    "index": 25
  },
  {
    "name": "Load extend/application.js",
    "start": 1600749773840,
    "end": 1600749774109,
    "duration": 269,
    "pid": 13996,
    "index": 26
  },
  {
    "name": "Require(22) node_modules/egg-session/app/extend/application.js",
    "start": 1600749773842,
    "end": 1600749773844,
    "duration": 2,
    "pid": 13996,
    "index": 27
  },
  {
    "name": "Require(23) node_modules/egg-security/app/extend/application.js",
    "start": 1600749773846,
    "end": 1600749773851,
    "duration": 5,
    "pid": 13996,
    "index": 28
  },
  {
    "name": "Require(24) node_modules/egg-jsonp/app/extend/application.js",
    "start": 1600749773853,
    "end": 1600749773860,
    "duration": 7,
    "pid": 13996,
    "index": 29
  },
  {
    "name": "Require(25) node_modules/egg-logrotator/app/extend/application.js",
    "start": 1600749773869,
    "end": 1600749773875,
    "duration": 6,
    "pid": 13996,
    "index": 30
  },
  {
    "name": "Require(26) node_modules/egg-view/app/extend/application.js",
    "start": 1600749773885,
    "end": 1600749773891,
    "duration": 6,
    "pid": 13996,
    "index": 31
  },
  {
    "name": "Require(27) node_modules/egg-jwt/app/extend/application.js",
    "start": 1600749773897,
    "end": 1600749774072,
    "duration": 175,
    "pid": 13996,
    "index": 32
  },
  {
    "name": "Load extend/request.js",
    "start": 1600749774110,
    "end": 1600749774163,
    "duration": 53,
    "pid": 13996,
    "index": 33
  },
  {
    "name": "Require(28) node_modules/egg/app/extend/request.js",
    "start": 1600749774134,
    "end": 1600749774138,
    "duration": 4,
    "pid": 13996,
    "index": 34
  },
  {
    "name": "Load extend/response.js",
    "start": 1600749774163,
    "end": 1600749774239,
    "duration": 76,
    "pid": 13996,
    "index": 35
  },
  {
    "name": "Require(29) node_modules/egg/app/extend/response.js",
    "start": 1600749774199,
    "end": 1600749774208,
    "duration": 9,
    "pid": 13996,
    "index": 36
  },
  {
    "name": "Load extend/context.js",
    "start": 1600749774239,
    "end": 1600749774641,
    "duration": 402,
    "pid": 13996,
    "index": 37
  },
  {
    "name": "Require(30) node_modules/egg-security/app/extend/context.js",
    "start": 1600749774243,
    "end": 1600749774299,
    "duration": 56,
    "pid": 13996,
    "index": 38
  },
  {
    "name": "Require(31) node_modules/egg-jsonp/app/extend/context.js",
    "start": 1600749774301,
    "end": 1600749774307,
    "duration": 6,
    "pid": 13996,
    "index": 39
  },
  {
    "name": "Require(32) node_modules/egg-i18n/app/extend/context.js",
    "start": 1600749774310,
    "end": 1600749774312,
    "duration": 2,
    "pid": 13996,
    "index": 40
  },
  {
    "name": "Require(33) node_modules/egg-multipart/app/extend/context.js",
    "start": 1600749774315,
    "end": 1600749774490,
    "duration": 175,
    "pid": 13996,
    "index": 41
  },
  {
    "name": "Require(34) node_modules/egg-view/app/extend/context.js",
    "start": 1600749774493,
    "end": 1600749774497,
    "duration": 4,
    "pid": 13996,
    "index": 42
  },
  {
    "name": "Require(35) node_modules/egg-valparams/app/extend/context.js",
    "start": 1600749774502,
    "end": 1600749774560,
    "duration": 58,
    "pid": 13996,
    "index": 43
  },
  {
    "name": "Require(36) node_modules/egg-oss/app/extend/context.js",
    "start": 1600749774566,
    "end": 1600749774567,
    "duration": 1,
    "pid": 13996,
    "index": 44
  },
  {
    "name": "Require(37) node_modules/egg/app/extend/context.js",
    "start": 1600749774569,
    "end": 1600749774572,
    "duration": 3,
    "pid": 13996,
    "index": 45
  },
  {
    "name": "Require(38) app/extend/context.js",
    "start": 1600749774580,
    "end": 1600749774614,
    "duration": 34,
    "pid": 13996,
    "index": 46
  },
  {
    "name": "Load extend/helper.js",
    "start": 1600749774642,
    "end": 1600749774764,
    "duration": 122,
    "pid": 13996,
    "index": 47
  },
  {
    "name": "Require(39) node_modules/egg-security/app/extend/helper.js",
    "start": 1600749774644,
    "end": 1600749774715,
    "duration": 71,
    "pid": 13996,
    "index": 48
  },
  {
    "name": "Require(40) node_modules/egg/app/extend/helper.js",
    "start": 1600749774736,
    "end": 1600749774736,
    "duration": 0,
    "pid": 13996,
    "index": 49
  },
  {
    "name": "Load app.js",
    "start": 1600749774765,
    "end": 1600749776410,
    "duration": 1645,
    "pid": 13996,
    "index": 50
  },
  {
    "name": "Require(41) node_modules/egg-session/app.js",
    "start": 1600749774767,
    "end": 1600749774768,
    "duration": 1,
    "pid": 13996,
    "index": 51
  },
  {
    "name": "Require(42) node_modules/egg-security/app.js",
    "start": 1600749774770,
    "end": 1600749774775,
    "duration": 5,
    "pid": 13996,
    "index": 52
  },
  {
    "name": "Require(43) node_modules/egg-onerror/app.js",
    "start": 1600749774778,
    "end": 1600749774807,
    "duration": 29,
    "pid": 13996,
    "index": 53
  },
  {
    "name": "Require(44) node_modules/egg-i18n/app.js",
    "start": 1600749774808,
    "end": 1600749774885,
    "duration": 77,
    "pid": 13996,
    "index": 54
  },
  {
    "name": "Require(45) node_modules/egg-watcher/app.js",
    "start": 1600749774891,
    "end": 1600749774906,
    "duration": 15,
    "pid": 13996,
    "index": 55
  },
  {
    "name": "Require(46) node_modules/egg-schedule/app.js",
    "start": 1600749774908,
    "end": 1600749774913,
    "duration": 5,
    "pid": 13996,
    "index": 56
  },
  {
    "name": "Require(47) node_modules/egg-multipart/app.js",
    "start": 1600749774914,
    "end": 1600749774916,
    "duration": 2,
    "pid": 13996,
    "index": 57
  },
  {
    "name": "Require(48) node_modules/egg-logrotator/app.js",
    "start": 1600749774917,
    "end": 1600749774918,
    "duration": 1,
    "pid": 13996,
    "index": 58
  },
  {
    "name": "Require(49) node_modules/egg-static/app.js",
    "start": 1600749774920,
    "end": 1600749774920,
    "duration": 0,
    "pid": 13996,
    "index": 59
  },
  {
    "name": "Require(50) node_modules/egg-cors/app.js",
    "start": 1600749774924,
    "end": 1600749774924,
    "duration": 0,
    "pid": 13996,
    "index": 60
  },
  {
    "name": "Require(51) node_modules/egg-sequelize/app.js",
    "start": 1600749774926,
    "end": 1600749774927,
    "duration": 1,
    "pid": 13996,
    "index": 61
  },
  {
    "name": "Require(52) node_modules/egg-valparams/app.js",
    "start": 1600749774929,
    "end": 1600749775865,
    "duration": 936,
    "pid": 13996,
    "index": 62
  },
  {
    "name": "Require(53) node_modules/egg-jwt/app.js",
    "start": 1600749775867,
    "end": 1600749775868,
    "duration": 1,
    "pid": 13996,
    "index": 63
  },
  {
    "name": "Require(54) node_modules/egg-redis/app.js",
    "start": 1600749775869,
    "end": 1600749775875,
    "duration": 6,
    "pid": 13996,
    "index": 64
  },
  {
    "name": "Require(55) node_modules/egg-websocket-plugin/app.js",
    "start": 1600749775878,
    "end": 1600749775943,
    "duration": 65,
    "pid": 13996,
    "index": 65
  },
  {
    "name": "Require(56) node_modules/egg-oss/app.js",
    "start": 1600749775945,
    "end": 1600749776404,
    "duration": 459,
    "pid": 13996,
    "index": 66
  },
  {
    "name": "Require(57) app.js",
    "start": 1600749776408,
    "end": 1600749776409,
    "duration": 1,
    "pid": 13996,
    "index": 67
  },
  {
    "name": "Before Start in node_modules/egg-watcher/lib/init.js:15:14",
    "start": 1600749776474,
    "end": 1600749778142,
    "duration": 1668,
    "pid": 13996,
    "index": 68
  },
  {
    "name": "Load \"Symbol(model)\" to Application",
    "start": 1600749777013,
    "end": 1600749777129,
    "duration": 116,
    "pid": 13996,
    "index": 69
  },
  {
    "name": "Before Start in node_modules/egg-sequelize/lib/loader.js:39:7",
    "start": 1600749777161,
    "end": 1600749778174,
    "duration": 1013,
    "pid": 13996,
    "index": 70
  },
  {
    "name": "Before Start in node_modules/egg-redis/lib/redis.js:53:7",
    "start": 1600749777364,
    "end": 1600749778083,
    "duration": 719,
    "pid": 13996,
    "index": 71
  },
  {
    "name": "Did Load in app.js:didLoad",
    "start": 1600749777381,
    "end": 1600749778056,
    "duration": 675,
    "pid": 13996,
    "index": 72
  },
  {
    "name": "Load Service",
    "start": 1600749777382,
    "end": 1600749777416,
    "duration": 34,
    "pid": 13996,
    "index": 73
  },
  {
    "name": "Load \"service\" to Context",
    "start": 1600749777382,
    "end": 1600749777416,
    "duration": 34,
    "pid": 13996,
    "index": 74
  },
  {
    "name": "Load Middleware",
    "start": 1600749777416,
    "end": 1600749777927,
    "duration": 511,
    "pid": 13996,
    "index": 75
  },
  {
    "name": "Load \"middlewares\" to Application",
    "start": 1600749777416,
    "end": 1600749777860,
    "duration": 444,
    "pid": 13996,
    "index": 76
  },
  {
    "name": "Load Controller",
    "start": 1600749777928,
    "end": 1600749777994,
    "duration": 66,
    "pid": 13996,
    "index": 77
  },
  {
    "name": "Load \"controller\" to Application",
    "start": 1600749777928,
    "end": 1600749777994,
    "duration": 66,
    "pid": 13996,
    "index": 78
  },
  {
    "name": "Load Router",
    "start": 1600749777994,
    "end": 1600749778009,
    "duration": 15,
    "pid": 13996,
    "index": 79
  },
  {
    "name": "Require(58) app/router.js",
    "start": 1600749778000,
    "end": 1600749778002,
    "duration": 2,
    "pid": 13996,
    "index": 80
  },
  {
    "name": "Before Start in node_modules/egg-core/lib/egg.js:303:10",
    "start": 1600749778003,
    "end": 1600749778056,
    "duration": 53,
    "pid": 13996,
    "index": 81
  },
  {
    "name": "Will Ready in app.js:willReady",
    "start": 1600749778174,
    "end": 1600749778175,
    "duration": 1,
    "pid": 13996,
    "index": 82
  }
]