{
  "config": {
    "session": {
      "maxAge": 86400000,
      "key": "EGG_SESS",
      "httpOnly": true,
      "encrypt": true,
      "overwrite": true,
      "signed": true,
      "autoCommit": true,
      "encode": "<Function encode>",
      "decode": "<Function decode>",
      "genid": "<Function v4>"
    },
    "security": {
      "domainWhiteList": [
        "http://localhost:8080"
      ],
      "protocolWhiteList": [],
      "defaultMiddleware": "csrf,hsts,methodnoallow,noopen,nosniff,csp,xssProtection,xframe,dta",
      "csrf": {
        "enable": false,
        "type": "ctoken",
        "ignoreJSON": false,
        "useSession": false,
        "cookieName": "csrfToken",
        "sessionName": "csrfToken",
        "headerName": "x-csrf-token",
        "bodyName": "_csrf",
        "queryName": "_csrf",
        "refererWhiteList": []
      },
      "xframe": {
        "enable": true,
        "value": "SAMEORIGIN",
        "matching": "<Function anonymous>"
      },
      "hsts": {
        "enable": false,
        "maxAge": 31536000,
        "includeSubdomains": false
      },
      "dta": {
        "enable": true,
        "matching": "<Function anonymous>"
      },
      "methodnoallow": {
        "enable": true,
        "matching": "<Function anonymous>"
      },
      "noopen": {
        "enable": true,
        "matching": "<Function anonymous>"
      },
      "nosniff": {
        "enable": true,
        "matching": "<Function anonymous>"
      },
      "referrerPolicy": {
        "enable": false,
        "value": "no-referrer-when-downgrade"
      },
      "xssProtection": {
        "enable": true,
        "value": "1; mode=block",
        "matching": "<Function anonymous>"
      },
      "csp": {
        "enable": false,
        "policy": {}
      },
      "ssrf": {
        "ipBlackList": null,
        "checkAddress": null
      },
      "_protocolWhiteListSet": "<Set>"
    },
    "helper": {
      "shtml": {}
    },
    "jsonp": {
      "limit": 50,
      "callback": [
        "_callback",
        "callback"
      ],
      "csrf": false
    },
    "onerror": {
      "errorPageUrl": "",
      "appErrorFilter": null,
      "templatePath": "C:\\Users\\THINK\\Desktop\\完整后端源码\\node_modules\\egg-onerror\\lib\\onerror_page.mustache"
    },
    "i18n": {
      "defaultLocale": "en_US",
      "dirs": [
        "C:\\Users\\THINK\\Desktop\\完整后端源码\\node_modules\\egg-session\\config\\locales",
        "C:\\Users\\THINK\\Desktop\\完整后端源码\\node_modules\\egg-security\\config\\locales",
        "C:\\Users\\THINK\\Desktop\\完整后端源码\\node_modules\\egg-jsonp\\config\\locales",
        "C:\\Users\\THINK\\Desktop\\完整后端源码\\node_modules\\egg-onerror\\config\\locales",
        "C:\\Users\\THINK\\Desktop\\完整后端源码\\node_modules\\egg-i18n\\config\\locales",
        "C:\\Users\\THINK\\Desktop\\完整后端源码\\node_modules\\egg-watcher\\config\\locales",
        "C:\\Users\\THINK\\Desktop\\完整后端源码\\node_modules\\egg-schedule\\config\\locales",
        "C:\\Users\\THINK\\Desktop\\完整后端源码\\node_modules\\egg-multipart\\config\\locales",
        "C:\\Users\\THINK\\Desktop\\完整后端源码\\node_modules\\egg-logrotator\\config\\locales",
        "C:\\Users\\THINK\\Desktop\\完整后端源码\\node_modules\\egg-static\\config\\locales",
        "C:\\Users\\THINK\\Desktop\\完整后端源码\\node_modules\\egg-view\\config\\locales",
        "C:\\Users\\THINK\\Desktop\\完整后端源码\\node_modules\\egg-cors\\config\\locales",
        "C:\\Users\\THINK\\Desktop\\完整后端源码\\node_modules\\egg-sequelize\\config\\locales",
        "C:\\Users\\THINK\\Desktop\\完整后端源码\\node_modules\\egg-valparams\\config\\locales",
        "C:\\Users\\THINK\\Desktop\\完整后端源码\\node_modules\\egg-jwt\\config\\locales",
        "C:\\Users\\THINK\\Desktop\\完整后端源码\\node_modules\\egg-redis\\config\\locales",
        "C:\\Users\\THINK\\Desktop\\完整后端源码\\node_modules\\egg-websocket-plugin\\config\\locales",
        "C:\\Users\\THINK\\Desktop\\完整后端源码\\node_modules\\egg-oss\\config\\locales",
        "C:\\Users\\THINK\\Desktop\\完整后端源码\\node_modules\\egg\\config\\locales",
        "C:\\Users\\THINK\\Desktop\\完整后端源码\\config\\locales"
      ],
      "queryField": "locale",
      "cookieField": "locale",
      "cookieDomain": "",
      "cookieMaxAge": "1y",
      "functionName": "__"
    },
    "watcher": {
      "type": "default",
      "eventSources": {
        "default": "C:\\Users\\THINK\\Desktop\\完整后端源码\\node_modules\\egg-watcher\\lib\\event-sources\\default",
        "development": "C:\\Users\\THINK\\Desktop\\完整后端源码\\node_modules\\egg-watcher\\lib\\event-sources\\development"
      }
    },
    "customLogger": {
      "scheduleLogger": {
        "consoleLevel": "NONE",
        "file": "egg-schedule.log"
      }
    },
    "schedule": {
      "directory": []
    },
    "multipart": {
      "mode": "file",
      "autoFields": false,
      "defaultCharset": "utf8",
      "fieldNameSize": 100,
      "fieldSize": 102400,
      "fields": 10,
      "fileSize": 1048576000,
      "files": 10,
      "fileExtensions": [],
      "whitelist": null,
      "tmpdir": "C:\\Users\\THINK\\AppData\\Local\\Temp\\egg-multipart-tmp\\wechat2",
      "cleanSchedule": {
        "cron": "0 30 4 * * *"
      }
    },
    "logrotator": {
      "filesRotateByHour": null,
      "hourDelimiter": "-",
      "filesRotateBySize": null,
      "maxFileSize": 52428800,
      "maxFiles": 10,
      "rotateDuration": 60000,
      "maxDays": 31
    },
    "static": {
      "prefix": "/public/",
      "dir": "C:\\Users\\THINK\\Desktop\\完整后端源码\\app\\public",
      "dynamic": true,
      "preload": false,
      "buffer": true,
      "maxFiles": 1000,
      "maxAge": 31536000
    },
    "view": {
      "root": "C:\\Users\\THINK\\Desktop\\完整后端源码\\app\\view",
      "cache": true,
      "defaultExtension": ".html",
      "defaultViewEngine": "",
      "mapping": {}
    },
    "cors": {
      "origin": "*",
      "allowMethods": "GET, PUT, POST, DELETE, PATCH"
    },
    "sequelize": {
      "dialect": "mysql",
      "database": "egg-wechat2",
      "host": "127.0.0.1",
      "port": 3306,
      "username": "root",
      "password": "<String len: 4>",
      "timezone": "+08:00",
      "define": {
        "freezeTableName": true,
        "timestamps": true,
        "createdAt": "created_at",
        "updatedAt": "updated_at",
        "underscored": true
      }
    },
    "valparams": {
      "cover": true,
      "allowMultiCall": true,
      "throwError": true,
      "allowEmptyStr": false,
      "locale": "zh-cn"
    },
    "jwt": {
      "secret": "<String len: 34>",
      "enable": false
    },
    "redis": {
      "default": {},
      "app": true,
      "agent": false,
      "supportTimeCommand": true,
      "client": {
        "port": 6379,
        "host": "127.0.0.1",
        "password": "<String len: 0>",
        "db": 0
      }
    },
    "websocket": {
      "useAppMiddlewares": true
    },
    "oss": {
      "default": {
        "timeout": "60s"
      },
      "useAgent": false,
      "client": {
        "accessKeyId": "LTAImXhhE9wnecVo",
        "accessKeySecret": "<String len: 30>",
        "bucket": "tangzhe123-com",
        "endpoint": "oss-cn-shenzhen.aliyuncs.com",
        "timeout": "60s"
      }
    },
    "env": "prod",
    "name": "wechat2",
    "keys": "<String len: 26>",
    "cookies": {},
    "proxy": false,
    "maxIpsCount": 0,
    "maxProxyCount": 0,
    "protocolHeaders": "x-forwarded-proto",
    "ipHeaders": "x-forwarded-for",
    "hostHeaders": "",
    "pkg": {
      "name": "wechat2",
      "version": "1.0.0",
      "description": "",
      "private": true,
      "egg": {
        "declarations": true
      },
      "dependencies": {
        "crypto": "^1.0.1",
        "egg": "^2.28.0",
        "egg-cors": "^2.2.3",
        "egg-jwt": "^3.1.7",
        "egg-oss": "^2.0.0",
        "egg-redis": "^2.4.0",
        "egg-scripts": "^2.13.0",
        "egg-sequelize": "^5.2.2",
        "egg-valparams": "^1.4.3",
        "egg-websocket-plugin": "^1.0.0",
        "mysql2": "^2.2.5",
        "qr-image": "^3.2.0",
        "sort-word": "^1.0.7"
      },
      "devDependencies": {
        "autod": "^3.0.1",
        "autod-egg": "^1.1.0",
        "egg-bin": "^4.15.0",
        "egg-ci": "^1.18.0",
        "egg-mock": "^3.21.0",
        "eslint": "^5.13.0",
        "eslint-config-egg": "^7.1.0",
        "sequelize-cli": "^5.5.1"
      },
      "engines": {
        "node": ">=10.0.0"
      },
      "scripts": {
        "start": "egg-scripts start --daemon --title=egg-server-wechat2",
        "stop": "egg-scripts stop --title=egg-server-wechat2",
        "dev": "egg-bin dev",
        "debug": "egg-bin debug",
        "test": "npm run lint -- --fix && npm run test-local",
        "test-local": "egg-bin test",
        "cov": "egg-bin cov",
        "lint": "eslint .",
        "ci": "npm run lint && npm run cov",
        "autod": "autod"
      },
      "ci": {
        "version": "10"
      },
      "repository": {
        "type": "git",
        "url": ""
      },
      "author": "",
      "license": "MIT"
    },
    "baseDir": "C:\\Users\\THINK\\Desktop\\完整后端源码",
    "HOME": "C:\\Users\\THINK",
    "rundir": "C:\\Users\\THINK\\Desktop\\完整后端源码\\run",
    "dump": {
      "ignore": "<Set>"
    },
    "confusedConfigurations": {
      "bodyparser": "bodyParser",
      "notFound": "notfound",
      "sitefile": "siteFile",
      "middlewares": "middleware",
      "httpClient": "httpclient"
    },
    "notfound": {
      "pageUrl": ""
    },
    "siteFile": {
      "/favicon.ico": "<Buffer len: 6463>"
    },
    "bodyParser": {
      "enable": true,
      "encoding": "utf8",
      "formLimit": "1mb",
      "jsonLimit": "1mb",
      "textLimit": "1mb",
      "strict": true,
      "queryString": {
        "arrayLimit": 100,
        "depth": 5,
        "parameterLimit": 1000
      },
      "returnRawBody": true
    },
    "logger": {
      "dir": "C:\\Users\\THINK\\logs\\wechat2",
      "encoding": "utf8",
      "env": "prod",
      "level": "INFO",
      "consoleLevel": "INFO",
      "disableConsoleAfterReady": true,
      "outputJSON": false,
      "buffer": true,
      "appLogName": "wechat2-web.log",
      "coreLogName": "egg-web.log",
      "agentLogName": "egg-agent.log",
      "errorLogName": "common-error.log",
      "coreLogger": {},
      "allowDebugAtProd": false,
      "type": "application"
    },
    "httpclient": {
      "enableDNSCache": false,
      "dnsCacheLookupInterval": 10000,
      "dnsCacheMaxLength": 1000,
      "request": {
        "timeout": 5000
      },
      "httpAgent": {
        "keepAlive": true,
        "freeSocketTimeout": 4000,
        "maxSockets": 9007199254740991,
        "maxFreeSockets": 256,
        "timeout": 30000,
        "socketActiveTTL": 0
      },
      "httpsAgent": {
        "keepAlive": true,
        "freeSocketTimeout": 4000,
        "maxSockets": 9007199254740991,
        "maxFreeSockets": 256,
        "timeout": 30000,
        "socketActiveTTL": 0
      }
    },
    "meta": {
      "enable": true,
      "logging": false
    },
    "coreMiddleware": [
      "cors",
      "meta",
      "siteFile",
      "notfound",
      "static",
      "bodyParser",
      "overrideMethod",
      "session",
      "securities",
      "i18n",
      "multipart"
    ],
    "workerStartTimeout": 600000,
    "serverTimeout": null,
    "cluster": {
      "listen": {
        "path": "",
        "port": 7001,
        "hostname": ""
      }
    },
    "clusterClient": {
      "maxWaitTime": 60000,
      "responseTimeout": 60000
    },
    "onClientError": null,
    "middleware": [
      "jwt",
      "errorHandler",
      "auth"
    ],
    "auth": {
      "ignore": [
        "/reg",
        "/login",
        "/ws"
      ]
    },
    "crypto": {
      "secret": "<String len: 34>"
    },
    "coreMiddlewares": "~config~coreMiddleware",
    "appMiddlewares": "~config~middleware",
    "appMiddleware": "~config~middleware",
    "multipartParseOptions": {
      "autoFields": false,
      "defCharset": "utf8",
      "limits": {
        "fieldNameSize": 100,
        "fieldSize": 102400,
        "fields": 10,
        "fileSize": 1048576000,
        "files": 10
      },
      "checkFile": "<Function checkFile>"
    }
  },
  "plugins": {
    "session": {
      "enable": true,
      "package": "egg-session",
      "name": "session",
      "dependencies": [],
      "optionalDependencies": [],
      "env": [],
      "from": "C:\\Users\\THINK\\Desktop\\完整后端源码\\node_modules\\egg\\config\\plugin.js",
      "path": "C:\\Users\\THINK\\Desktop\\完整后端源码\\node_modules\\egg-session",
      "version": "3.2.0"
    },
    "security": {
      "enable": true,
      "package": "egg-security",
      "name": "security",
      "dependencies": [],
      "optionalDependencies": [
        "session"
      ],
      "env": [],
      "from": "C:\\Users\\THINK\\Desktop\\完整后端源码\\node_modules\\egg\\config\\plugin.js",
      "path": "C:\\Users\\THINK\\Desktop\\完整后端源码\\node_modules\\egg-security",
      "version": "2.8.0"
    },
    "jsonp": {
      "enable": true,
      "package": "egg-jsonp",
      "name": "jsonp",
      "dependencies": [],
      "optionalDependencies": [
        "security"
      ],
      "env": [],
      "from": "C:\\Users\\THINK\\Desktop\\完整后端源码\\node_modules\\egg\\config\\plugin.js",
      "path": "C:\\Users\\THINK\\Desktop\\完整后端源码\\node_modules\\egg-jsonp",
      "version": "2.0.0"
    },
    "onerror": {
      "enable": true,
      "package": "egg-onerror",
      "name": "onerror",
      "dependencies": [],
      "optionalDependencies": [
        "jsonp"
      ],
      "env": [],
      "from": "C:\\Users\\THINK\\Desktop\\完整后端源码\\node_modules\\egg\\config\\plugin.js",
      "path": "C:\\Users\\THINK\\Desktop\\完整后端源码\\node_modules\\egg-onerror",
      "version": "2.1.0"
    },
    "i18n": {
      "enable": true,
      "package": "egg-i18n",
      "name": "i18n",
      "dependencies": [],
      "optionalDependencies": [],
      "env": [],
      "from": "C:\\Users\\THINK\\Desktop\\完整后端源码\\node_modules\\egg\\config\\plugin.js",
      "path": "C:\\Users\\THINK\\Desktop\\完整后端源码\\node_modules\\egg-i18n",
      "version": "2.1.1"
    },
    "watcher": {
      "enable": true,
      "package": "egg-watcher",
      "name": "watcher",
      "dependencies": [],
      "optionalDependencies": [],
      "env": [],
      "from": "C:\\Users\\THINK\\Desktop\\完整后端源码\\node_modules\\egg\\config\\plugin.js",
      "path": "C:\\Users\\THINK\\Desktop\\完整后端源码\\node_modules\\egg-watcher",
      "version": "3.1.1"
    },
    "schedule": {
      "enable": true,
      "package": "egg-schedule",
      "name": "schedule",
      "dependencies": [],
      "optionalDependencies": [],
      "env": [],
      "from": "C:\\Users\\THINK\\Desktop\\完整后端源码\\node_modules\\egg\\config\\plugin.js",
      "path": "C:\\Users\\THINK\\Desktop\\完整后端源码\\node_modules\\egg-schedule",
      "version": "3.6.5"
    },
    "multipart": {
      "enable": true,
      "package": "egg-multipart",
      "name": "multipart",
      "dependencies": [],
      "optionalDependencies": [
        "schedule"
      ],
      "env": [],
      "from": "C:\\Users\\THINK\\Desktop\\完整后端源码\\node_modules\\egg\\config\\plugin.js",
      "path": "C:\\Users\\THINK\\Desktop\\完整后端源码\\node_modules\\egg-multipart",
      "version": "2.10.3"
    },
    "logrotator": {
      "enable": true,
      "package": "egg-logrotator",
      "name": "logrotator",
      "dependencies": [
        "schedule"
      ],
      "optionalDependencies": [],
      "env": [],
      "from": "C:\\Users\\THINK\\Desktop\\完整后端源码\\node_modules\\egg\\config\\plugin.js",
      "path": "C:\\Users\\THINK\\Desktop\\完整后端源码\\node_modules\\egg-logrotator",
      "version": "3.1.0"
    },
    "static": {
      "enable": true,
      "package": "egg-static",
      "name": "static",
      "dependencies": [],
      "optionalDependencies": [],
      "env": [],
      "from": "C:\\Users\\THINK\\Desktop\\完整后端源码\\node_modules\\egg\\config\\plugin.js",
      "path": "C:\\Users\\THINK\\Desktop\\完整后端源码\\node_modules\\egg-static",
      "version": "2.2.0"
    },
    "view": {
      "enable": true,
      "package": "egg-view",
      "name": "view",
      "dependencies": [],
      "optionalDependencies": [],
      "env": [],
      "from": "C:\\Users\\THINK\\Desktop\\完整后端源码\\node_modules\\egg\\config\\plugin.js",
      "path": "C:\\Users\\THINK\\Desktop\\完整后端源码\\node_modules\\egg-view",
      "version": "2.1.2"
    },
    "cors": {
      "enable": true,
      "package": "egg-cors",
      "name": "cors",
      "dependencies": [],
      "optionalDependencies": [],
      "env": [],
      "from": "C:\\Users\\THINK\\Desktop\\完整后端源码\\config\\plugin.js",
      "path": "C:\\Users\\THINK\\Desktop\\完整后端源码\\node_modules\\egg-cors",
      "version": "2.2.3"
    },
    "sequelize": {
      "enable": true,
      "package": "egg-sequelize",
      "name": "sequelize",
      "dependencies": [],
      "optionalDependencies": [],
      "env": [],
      "from": "C:\\Users\\THINK\\Desktop\\完整后端源码\\config\\plugin.js",
      "path": "C:\\Users\\THINK\\Desktop\\完整后端源码\\node_modules\\egg-sequelize",
      "version": "5.2.2"
    },
    "valparams": {
      "enable": true,
      "package": "egg-valparams",
      "name": "valparams",
      "dependencies": [],
      "optionalDependencies": [],
      "env": [],
      "from": "C:\\Users\\THINK\\Desktop\\完整后端源码\\config\\plugin.js",
      "path": "C:\\Users\\THINK\\Desktop\\完整后端源码\\node_modules\\egg-valparams",
      "version": "1.4.3"
    },
    "jwt": {
      "enable": true,
      "package": "egg-jwt",
      "name": "jwt",
      "dependencies": [],
      "optionalDependencies": [
        "onerror"
      ],
      "env": [],
      "from": "C:\\Users\\THINK\\Desktop\\完整后端源码\\config\\plugin.js",
      "path": "C:\\Users\\THINK\\Desktop\\完整后端源码\\node_modules\\egg-jwt",
      "version": "3.1.7"
    },
    "redis": {
      "enable": true,
      "package": "egg-redis",
      "name": "redis",
      "dependencies": [],
      "optionalDependencies": [],
      "env": [],
      "from": "C:\\Users\\THINK\\Desktop\\完整后端源码\\config\\plugin.js",
      "path": "C:\\Users\\THINK\\Desktop\\完整后端源码\\node_modules\\egg-redis",
      "version": "2.4.0"
    },
    "websocket": {
      "enable": true,
      "package": "egg-websocket-plugin",
      "name": "websocket",
      "dependencies": [],
      "optionalDependencies": [],
      "env": [],
      "from": "C:\\Users\\THINK\\Desktop\\完整后端源码\\config\\plugin.js",
      "path": "C:\\Users\\THINK\\Desktop\\完整后端源码\\node_modules\\egg-websocket-plugin",
      "version": "1.0.0"
    },
    "oss": {
      "enable": true,
      "package": "egg-oss",
      "name": "oss",
      "dependencies": [],
      "optionalDependencies": [],
      "env": [],
      "from": "C:\\Users\\THINK\\Desktop\\完整后端源码\\config\\plugin.js",
      "path": "C:\\Users\\THINK\\Desktop\\完整后端源码\\node_modules\\egg-oss",
      "version": "2.0.0"
    }
  }
}