[
  {
    "name": "Process Start",
    "start": 1600749770352,
    "end": 1600749773762,
    "duration": 3410,
    "pid": 23216,
    "index": 0
  },
  {
    "name": "Application Start",
    "start": 1600749773767,
    "end": 1600749778725,
    "duration": 4958,
    "pid": 23216,
    "index": 1
  },
  {
    "name": "Load Plugin",
    "start": 1600749773785,
    "end": 1600749773962,
    "duration": 177,
    "pid": 23216,
    "index": 2
  },
  {
    "name": "Load Config",
    "start": 1600749773963,
    "end": 1600749774120,
    "duration": 157,
    "pid": 23216,
    "index": 3
  },
  {
    "name": "Require(0) config/config.default.js",
    "start": 1600749773965,
    "end": 1600749773966,
    "duration": 1,
    "pid": 23216,
    "index": 4
  },
  {
    "name": "Require(1) node_modules/egg-session/config/config.default.js",
    "start": 1600749773973,
    "end": 1600749773975,
    "duration": 2,
    "pid": 23216,
    "index": 5
  },
  {
    "name": "Require(2) node_modules/egg-security/config/config.default.js",
    "start": 1600749773977,
    "end": 1600749773979,
    "duration": 2,
    "pid": 23216,
    "index": 6
  },
  {
    "name": "Require(3) node_modules/egg-jsonp/config/config.default.js",
    "start": 1600749773982,
    "end": 1600749773984,
    "duration": 2,
    "pid": 23216,
    "index": 7
  },
  {
    "name": "Require(4) node_modules/egg-onerror/config/config.default.js",
    "start": 1600749773986,
    "end": 1600749773988,
    "duration": 2,
    "pid": 23216,
    "index": 8
  },
  {
    "name": "Require(5) node_modules/egg-i18n/config/config.default.js",
    "start": 1600749773990,
    "end": 1600749773992,
    "duration": 2,
    "pid": 23216,
    "index": 9
  },
  {
    "name": "Require(6) node_modules/egg-watcher/config/config.default.js",
    "start": 1600749773994,
    "end": 1600749773996,
    "duration": 2,
    "pid": 23216,
    "index": 10
  },
  {
    "name": "Require(7) node_modules/egg-schedule/config/config.default.js",
    "start": 1600749773999,
    "end": 1600749774001,
    "duration": 2,
    "pid": 23216,
    "index": 11
  },
  {
    "name": "Require(8) node_modules/egg-multipart/config/config.default.js",
    "start": 1600749774003,
    "end": 1600749774005,
    "duration": 2,
    "pid": 23216,
    "index": 12
  },
  {
    "name": "Require(9) node_modules/egg-logrotator/config/config.default.js",
    "start": 1600749774007,
    "end": 1600749774009,
    "duration": 2,
    "pid": 23216,
    "index": 13
  },
  {
    "name": "Require(10) node_modules/egg-static/config/config.default.js",
    "start": 1600749774011,
    "end": 1600749774012,
    "duration": 1,
    "pid": 23216,
    "index": 14
  },
  {
    "name": "Require(11) node_modules/egg-view/config/config.default.js",
    "start": 1600749774014,
    "end": 1600749774016,
    "duration": 2,
    "pid": 23216,
    "index": 15
  },
  {
    "name": "Require(12) node_modules/egg-cors/config/config.default.js",
    "start": 1600749774018,
    "end": 1600749774019,
    "duration": 1,
    "pid": 23216,
    "index": 16
  },
  {
    "name": "Require(13) node_modules/egg-sequelize/config/config.default.js",
    "start": 1600749774021,
    "end": 1600749774023,
    "duration": 2,
    "pid": 23216,
    "index": 17
  },
  {
    "name": "Require(14) node_modules/egg-valparams/config/config.default.js",
    "start": 1600749774025,
    "end": 1600749774028,
    "duration": 3,
    "pid": 23216,
    "index": 18
  },
  {
    "name": "Require(15) node_modules/egg-jwt/config/config.default.js",
    "start": 1600749774030,
    "end": 1600749774031,
    "duration": 1,
    "pid": 23216,
    "index": 19
  },
  {
    "name": "Require(16) node_modules/egg-redis/config/config.default.js",
    "start": 1600749774033,
    "end": 1600749774035,
    "duration": 2,
    "pid": 23216,
    "index": 20
  },
  {
    "name": "Require(17) node_modules/egg-websocket-plugin/config/config.default.js",
    "start": 1600749774037,
    "end": 1600749774038,
    "duration": 1,
    "pid": 23216,
    "index": 21
  },
  {
    "name": "Require(18) node_modules/egg-oss/config/config.default.js",
    "start": 1600749774042,
    "end": 1600749774045,
    "duration": 3,
    "pid": 23216,
    "index": 22
  },
  {
    "name": "Require(19) node_modules/egg/config/config.default.js",
    "start": 1600749774046,
    "end": 1600749774047,
    "duration": 1,
    "pid": 23216,
    "index": 23
  },
  {
    "name": "Require(20) config/config.default.js",
    "start": 1600749774050,
    "end": 1600749774050,
    "duration": 0,
    "pid": 23216,
    "index": 24
  },
  {
    "name": "Require(21) node_modules/egg-static/config/config.prod.js",
    "start": 1600749774087,
    "end": 1600749774087,
    "duration": 0,
    "pid": 23216,
    "index": 25
  },
  {
    "name": "Load extend/application.js",
    "start": 1600749774123,
    "end": 1600749774458,
    "duration": 335,
    "pid": 23216,
    "index": 26
  },
  {
    "name": "Require(22) node_modules/egg-session/app/extend/application.js",
    "start": 1600749774127,
    "end": 1600749774129,
    "duration": 2,
    "pid": 23216,
    "index": 27
  },
  {
    "name": "Require(23) node_modules/egg-security/app/extend/application.js",
    "start": 1600749774133,
    "end": 1600749774141,
    "duration": 8,
    "pid": 23216,
    "index": 28
  },
  {
    "name": "Require(24) node_modules/egg-jsonp/app/extend/application.js",
    "start": 1600749774144,
    "end": 1600749774153,
    "duration": 9,
    "pid": 23216,
    "index": 29
  },
  {
    "name": "Require(25) node_modules/egg-logrotator/app/extend/application.js",
    "start": 1600749774173,
    "end": 1600749774181,
    "duration": 8,
    "pid": 23216,
    "index": 30
  },
  {
    "name": "Require(26) node_modules/egg-view/app/extend/application.js",
    "start": 1600749774187,
    "end": 1600749774205,
    "duration": 18,
    "pid": 23216,
    "index": 31
  },
  {
    "name": "Require(27) node_modules/egg-jwt/app/extend/application.js",
    "start": 1600749774222,
    "end": 1600749774412,
    "duration": 190,
    "pid": 23216,
    "index": 32
  },
  {
    "name": "Load extend/request.js",
    "start": 1600749774458,
    "end": 1600749774520,
    "duration": 62,
    "pid": 23216,
    "index": 33
  },
  {
    "name": "Require(28) node_modules/egg/app/extend/request.js",
    "start": 1600749774486,
    "end": 1600749774490,
    "duration": 4,
    "pid": 23216,
    "index": 34
  },
  {
    "name": "Load extend/response.js",
    "start": 1600749774520,
    "end": 1600749774578,
    "duration": 58,
    "pid": 23216,
    "index": 35
  },
  {
    "name": "Require(29) node_modules/egg/app/extend/response.js",
    "start": 1600749774546,
    "end": 1600749774555,
    "duration": 9,
    "pid": 23216,
    "index": 36
  },
  {
    "name": "Load extend/context.js",
    "start": 1600749774579,
    "end": 1600749774905,
    "duration": 326,
    "pid": 23216,
    "index": 37
  },
  {
    "name": "Require(30) node_modules/egg-security/app/extend/context.js",
    "start": 1600749774582,
    "end": 1600749774622,
    "duration": 40,
    "pid": 23216,
    "index": 38
  },
  {
    "name": "Require(31) node_modules/egg-jsonp/app/extend/context.js",
    "start": 1600749774623,
    "end": 1600749774628,
    "duration": 5,
    "pid": 23216,
    "index": 39
  },
  {
    "name": "Require(32) node_modules/egg-i18n/app/extend/context.js",
    "start": 1600749774631,
    "end": 1600749774632,
    "duration": 1,
    "pid": 23216,
    "index": 40
  },
  {
    "name": "Require(33) node_modules/egg-multipart/app/extend/context.js",
    "start": 1600749774636,
    "end": 1600749774775,
    "duration": 139,
    "pid": 23216,
    "index": 41
  },
  {
    "name": "Require(34) node_modules/egg-view/app/extend/context.js",
    "start": 1600749774779,
    "end": 1600749774783,
    "duration": 4,
    "pid": 23216,
    "index": 42
  },
  {
    "name": "Require(35) node_modules/egg-valparams/app/extend/context.js",
    "start": 1600749774789,
    "end": 1600749774839,
    "duration": 50,
    "pid": 23216,
    "index": 43
  },
  {
    "name": "Require(36) node_modules/egg-oss/app/extend/context.js",
    "start": 1600749774844,
    "end": 1600749774846,
    "duration": 2,
    "pid": 23216,
    "index": 44
  },
  {
    "name": "Require(37) node_modules/egg/app/extend/context.js",
    "start": 1600749774847,
    "end": 1600749774850,
    "duration": 3,
    "pid": 23216,
    "index": 45
  },
  {
    "name": "Require(38) app/extend/context.js",
    "start": 1600749774852,
    "end": 1600749774885,
    "duration": 33,
    "pid": 23216,
    "index": 46
  },
  {
    "name": "Load extend/helper.js",
    "start": 1600749774905,
    "end": 1600749775036,
    "duration": 131,
    "pid": 23216,
    "index": 47
  },
  {
    "name": "Require(39) node_modules/egg-security/app/extend/helper.js",
    "start": 1600749774912,
    "end": 1600749774989,
    "duration": 77,
    "pid": 23216,
    "index": 48
  },
  {
    "name": "Require(40) node_modules/egg/app/extend/helper.js",
    "start": 1600749775011,
    "end": 1600749775012,
    "duration": 1,
    "pid": 23216,
    "index": 49
  },
  {
    "name": "Load app.js",
    "start": 1600749775037,
    "end": 1600749777039,
    "duration": 2002,
    "pid": 23216,
    "index": 50
  },
  {
    "name": "Require(41) node_modules/egg-session/app.js",
    "start": 1600749775038,
    "end": 1600749775039,
    "duration": 1,
    "pid": 23216,
    "index": 51
  },
  {
    "name": "Require(42) node_modules/egg-security/app.js",
    "start": 1600749775041,
    "end": 1600749775047,
    "duration": 6,
    "pid": 23216,
    "index": 52
  },
  {
    "name": "Require(43) node_modules/egg-onerror/app.js",
    "start": 1600749775051,
    "end": 1600749775082,
    "duration": 31,
    "pid": 23216,
    "index": 53
  },
  {
    "name": "Require(44) node_modules/egg-i18n/app.js",
    "start": 1600749775083,
    "end": 1600749775143,
    "duration": 60,
    "pid": 23216,
    "index": 54
  },
  {
    "name": "Require(45) node_modules/egg-watcher/app.js",
    "start": 1600749775146,
    "end": 1600749775163,
    "duration": 17,
    "pid": 23216,
    "index": 55
  },
  {
    "name": "Require(46) node_modules/egg-schedule/app.js",
    "start": 1600749775164,
    "end": 1600749775170,
    "duration": 6,
    "pid": 23216,
    "index": 56
  },
  {
    "name": "Require(47) node_modules/egg-multipart/app.js",
    "start": 1600749775172,
    "end": 1600749775173,
    "duration": 1,
    "pid": 23216,
    "index": 57
  },
  {
    "name": "Require(48) node_modules/egg-logrotator/app.js",
    "start": 1600749775174,
    "end": 1600749775175,
    "duration": 1,
    "pid": 23216,
    "index": 58
  },
  {
    "name": "Require(49) node_modules/egg-static/app.js",
    "start": 1600749775177,
    "end": 1600749775179,
    "duration": 2,
    "pid": 23216,
    "index": 59
  },
  {
    "name": "Require(50) node_modules/egg-cors/app.js",
    "start": 1600749775182,
    "end": 1600749775183,
    "duration": 1,
    "pid": 23216,
    "index": 60
  },
  {
    "name": "Require(51) node_modules/egg-sequelize/app.js",
    "start": 1600749775185,
    "end": 1600749775186,
    "duration": 1,
    "pid": 23216,
    "index": 61
  },
  {
    "name": "Require(52) node_modules/egg-valparams/app.js",
    "start": 1600749775188,
    "end": 1600749776285,
    "duration": 1097,
    "pid": 23216,
    "index": 62
  },
  {
    "name": "Require(53) node_modules/egg-jwt/app.js",
    "start": 1600749776286,
    "end": 1600749776286,
    "duration": 0,
    "pid": 23216,
    "index": 63
  },
  {
    "name": "Require(54) node_modules/egg-redis/app.js",
    "start": 1600749776288,
    "end": 1600749776293,
    "duration": 5,
    "pid": 23216,
    "index": 64
  },
  {
    "name": "Require(55) node_modules/egg-websocket-plugin/app.js",
    "start": 1600749776295,
    "end": 1600749776368,
    "duration": 73,
    "pid": 23216,
    "index": 65
  },
  {
    "name": "Require(56) node_modules/egg-oss/app.js",
    "start": 1600749776370,
    "end": 1600749777034,
    "duration": 664,
    "pid": 23216,
    "index": 66
  },
  {
    "name": "Require(57) app.js",
    "start": 1600749777037,
    "end": 1600749777038,
    "duration": 1,
    "pid": 23216,
    "index": 67
  },
  {
    "name": "Before Start in node_modules/egg-watcher/lib/init.js:15:14",
    "start": 1600749777107,
    "end": 1600749778700,
    "duration": 1593,
    "pid": 23216,
    "index": 68
  },
  {
    "name": "Load \"Symbol(model)\" to Application",
    "start": 1600749777600,
    "end": 1600749777699,
    "duration": 99,
    "pid": 23216,
    "index": 69
  },
  {
    "name": "Before Start in node_modules/egg-sequelize/lib/loader.js:39:7",
    "start": 1600749777731,
    "end": 1600749778722,
    "duration": 991,
    "pid": 23216,
    "index": 70
  },
  {
    "name": "Before Start in node_modules/egg-redis/lib/redis.js:53:7",
    "start": 1600749777952,
    "end": 1600749778645,
    "duration": 693,
    "pid": 23216,
    "index": 71
  },
  {
    "name": "Did Load in app.js:didLoad",
    "start": 1600749777962,
    "end": 1600749778623,
    "duration": 661,
    "pid": 23216,
    "index": 72
  },
  {
    "name": "Load Service",
    "start": 1600749777963,
    "end": 1600749778029,
    "duration": 66,
    "pid": 23216,
    "index": 73
  },
  {
    "name": "Load \"service\" to Context",
    "start": 1600749777963,
    "end": 1600749778029,
    "duration": 66,
    "pid": 23216,
    "index": 74
  },
  {
    "name": "Load Middleware",
    "start": 1600749778029,
    "end": 1600749778524,
    "duration": 495,
    "pid": 23216,
    "index": 75
  },
  {
    "name": "Load \"middlewares\" to Application",
    "start": 1600749778030,
    "end": 1600749778482,
    "duration": 452,
    "pid": 23216,
    "index": 76
  },
  {
    "name": "Load Controller",
    "start": 1600749778524,
    "end": 1600749778578,
    "duration": 54,
    "pid": 23216,
    "index": 77
  },
  {
    "name": "Load \"controller\" to Application",
    "start": 1600749778524,
    "end": 1600749778578,
    "duration": 54,
    "pid": 23216,
    "index": 78
  },
  {
    "name": "Load Router",
    "start": 1600749778578,
    "end": 1600749778587,
    "duration": 9,
    "pid": 23216,
    "index": 79
  },
  {
    "name": "Require(58) app/router.js",
    "start": 1600749778579,
    "end": 1600749778580,
    "duration": 1,
    "pid": 23216,
    "index": 80
  },
  {
    "name": "Before Start in node_modules/egg-core/lib/egg.js:303:10",
    "start": 1600749778582,
    "end": 1600749778623,
    "duration": 41,
    "pid": 23216,
    "index": 81
  },
  {
    "name": "Will Ready in app.js:willReady",
    "start": 1600749778723,
    "end": 1600749778723,
    "duration": 0,
    "pid": 23216,
    "index": 82
  }
]