[
  {
    "name": "Process Start",
    "start": 1600749770442,
    "end": 1600749773849,
    "duration": 3407,
    "pid": 28204,
    "index": 0
  },
  {
    "name": "Application Start",
    "start": 1600749773850,
    "end": 1600749778653,
    "duration": 4803,
    "pid": 28204,
    "index": 1
  },
  {
    "name": "Load Plugin",
    "start": 1600749773865,
    "end": 1600749774062,
    "duration": 197,
    "pid": 28204,
    "index": 2
  },
  {
    "name": "Load Config",
    "start": 1600749774062,
    "end": 1600749774183,
    "duration": 121,
    "pid": 28204,
    "index": 3
  },
  {
    "name": "Require(0) config/config.default.js",
    "start": 1600749774065,
    "end": 1600749774066,
    "duration": 1,
    "pid": 28204,
    "index": 4
  },
  {
    "name": "Require(1) node_modules/egg-session/config/config.default.js",
    "start": 1600749774074,
    "end": 1600749774077,
    "duration": 3,
    "pid": 28204,
    "index": 5
  },
  {
    "name": "Require(2) node_modules/egg-security/config/config.default.js",
    "start": 1600749774079,
    "end": 1600749774081,
    "duration": 2,
    "pid": 28204,
    "index": 6
  },
  {
    "name": "Require(3) node_modules/egg-jsonp/config/config.default.js",
    "start": 1600749774084,
    "end": 1600749774086,
    "duration": 2,
    "pid": 28204,
    "index": 7
  },
  {
    "name": "Require(4) node_modules/egg-onerror/config/config.default.js",
    "start": 1600749774088,
    "end": 1600749774090,
    "duration": 2,
    "pid": 28204,
    "index": 8
  },
  {
    "name": "Require(5) node_modules/egg-i18n/config/config.default.js",
    "start": 1600749774092,
    "end": 1600749774094,
    "duration": 2,
    "pid": 28204,
    "index": 9
  },
  {
    "name": "Require(6) node_modules/egg-watcher/config/config.default.js",
    "start": 1600749774098,
    "end": 1600749774099,
    "duration": 1,
    "pid": 28204,
    "index": 10
  },
  {
    "name": "Require(7) node_modules/egg-schedule/config/config.default.js",
    "start": 1600749774104,
    "end": 1600749774106,
    "duration": 2,
    "pid": 28204,
    "index": 11
  },
  {
    "name": "Require(8) node_modules/egg-multipart/config/config.default.js",
    "start": 1600749774108,
    "end": 1600749774110,
    "duration": 2,
    "pid": 28204,
    "index": 12
  },
  {
    "name": "Require(9) node_modules/egg-logrotator/config/config.default.js",
    "start": 1600749774113,
    "end": 1600749774114,
    "duration": 1,
    "pid": 28204,
    "index": 13
  },
  {
    "name": "Require(10) node_modules/egg-static/config/config.default.js",
    "start": 1600749774116,
    "end": 1600749774118,
    "duration": 2,
    "pid": 28204,
    "index": 14
  },
  {
    "name": "Require(11) node_modules/egg-view/config/config.default.js",
    "start": 1600749774120,
    "end": 1600749774121,
    "duration": 1,
    "pid": 28204,
    "index": 15
  },
  {
    "name": "Require(12) node_modules/egg-cors/config/config.default.js",
    "start": 1600749774124,
    "end": 1600749774125,
    "duration": 1,
    "pid": 28204,
    "index": 16
  },
  {
    "name": "Require(13) node_modules/egg-sequelize/config/config.default.js",
    "start": 1600749774127,
    "end": 1600749774128,
    "duration": 1,
    "pid": 28204,
    "index": 17
  },
  {
    "name": "Require(14) node_modules/egg-valparams/config/config.default.js",
    "start": 1600749774130,
    "end": 1600749774132,
    "duration": 2,
    "pid": 28204,
    "index": 18
  },
  {
    "name": "Require(15) node_modules/egg-jwt/config/config.default.js",
    "start": 1600749774134,
    "end": 1600749774136,
    "duration": 2,
    "pid": 28204,
    "index": 19
  },
  {
    "name": "Require(16) node_modules/egg-redis/config/config.default.js",
    "start": 1600749774138,
    "end": 1600749774140,
    "duration": 2,
    "pid": 28204,
    "index": 20
  },
  {
    "name": "Require(17) node_modules/egg-websocket-plugin/config/config.default.js",
    "start": 1600749774142,
    "end": 1600749774144,
    "duration": 2,
    "pid": 28204,
    "index": 21
  },
  {
    "name": "Require(18) node_modules/egg-oss/config/config.default.js",
    "start": 1600749774145,
    "end": 1600749774147,
    "duration": 2,
    "pid": 28204,
    "index": 22
  },
  {
    "name": "Require(19) node_modules/egg/config/config.default.js",
    "start": 1600749774149,
    "end": 1600749774150,
    "duration": 1,
    "pid": 28204,
    "index": 23
  },
  {
    "name": "Require(20) config/config.default.js",
    "start": 1600749774153,
    "end": 1600749774153,
    "duration": 0,
    "pid": 28204,
    "index": 24
  },
  {
    "name": "Require(21) node_modules/egg-static/config/config.prod.js",
    "start": 1600749774169,
    "end": 1600749774170,
    "duration": 1,
    "pid": 28204,
    "index": 25
  },
  {
    "name": "Load extend/application.js",
    "start": 1600749774190,
    "end": 1600749774488,
    "duration": 298,
    "pid": 28204,
    "index": 26
  },
  {
    "name": "Require(22) node_modules/egg-session/app/extend/application.js",
    "start": 1600749774194,
    "end": 1600749774197,
    "duration": 3,
    "pid": 28204,
    "index": 27
  },
  {
    "name": "Require(23) node_modules/egg-security/app/extend/application.js",
    "start": 1600749774200,
    "end": 1600749774214,
    "duration": 14,
    "pid": 28204,
    "index": 28
  },
  {
    "name": "Require(24) node_modules/egg-jsonp/app/extend/application.js",
    "start": 1600749774220,
    "end": 1600749774226,
    "duration": 6,
    "pid": 28204,
    "index": 29
  },
  {
    "name": "Require(25) node_modules/egg-logrotator/app/extend/application.js",
    "start": 1600749774234,
    "end": 1600749774239,
    "duration": 5,
    "pid": 28204,
    "index": 30
  },
  {
    "name": "Require(26) node_modules/egg-view/app/extend/application.js",
    "start": 1600749774254,
    "end": 1600749774262,
    "duration": 8,
    "pid": 28204,
    "index": 31
  },
  {
    "name": "Require(27) node_modules/egg-jwt/app/extend/application.js",
    "start": 1600749774269,
    "end": 1600749774457,
    "duration": 188,
    "pid": 28204,
    "index": 32
  },
  {
    "name": "Load extend/request.js",
    "start": 1600749774488,
    "end": 1600749774544,
    "duration": 56,
    "pid": 28204,
    "index": 33
  },
  {
    "name": "Require(28) node_modules/egg/app/extend/request.js",
    "start": 1600749774512,
    "end": 1600749774516,
    "duration": 4,
    "pid": 28204,
    "index": 34
  },
  {
    "name": "Load extend/response.js",
    "start": 1600749774545,
    "end": 1600749774601,
    "duration": 56,
    "pid": 28204,
    "index": 35
  },
  {
    "name": "Require(29) node_modules/egg/app/extend/response.js",
    "start": 1600749774567,
    "end": 1600749774575,
    "duration": 8,
    "pid": 28204,
    "index": 36
  },
  {
    "name": "Load extend/context.js",
    "start": 1600749774602,
    "end": 1600749774936,
    "duration": 334,
    "pid": 28204,
    "index": 37
  },
  {
    "name": "Require(30) node_modules/egg-security/app/extend/context.js",
    "start": 1600749774605,
    "end": 1600749774644,
    "duration": 39,
    "pid": 28204,
    "index": 38
  },
  {
    "name": "Require(31) node_modules/egg-jsonp/app/extend/context.js",
    "start": 1600749774645,
    "end": 1600749774650,
    "duration": 5,
    "pid": 28204,
    "index": 39
  },
  {
    "name": "Require(32) node_modules/egg-i18n/app/extend/context.js",
    "start": 1600749774653,
    "end": 1600749774655,
    "duration": 2,
    "pid": 28204,
    "index": 40
  },
  {
    "name": "Require(33) node_modules/egg-multipart/app/extend/context.js",
    "start": 1600749774659,
    "end": 1600749774814,
    "duration": 155,
    "pid": 28204,
    "index": 41
  },
  {
    "name": "Require(34) node_modules/egg-view/app/extend/context.js",
    "start": 1600749774818,
    "end": 1600749774821,
    "duration": 3,
    "pid": 28204,
    "index": 42
  },
  {
    "name": "Require(35) node_modules/egg-valparams/app/extend/context.js",
    "start": 1600749774824,
    "end": 1600749774867,
    "duration": 43,
    "pid": 28204,
    "index": 43
  },
  {
    "name": "Require(36) node_modules/egg-oss/app/extend/context.js",
    "start": 1600749774877,
    "end": 1600749774879,
    "duration": 2,
    "pid": 28204,
    "index": 44
  },
  {
    "name": "Require(37) node_modules/egg/app/extend/context.js",
    "start": 1600749774881,
    "end": 1600749774884,
    "duration": 3,
    "pid": 28204,
    "index": 45
  },
  {
    "name": "Require(38) app/extend/context.js",
    "start": 1600749774886,
    "end": 1600749774913,
    "duration": 27,
    "pid": 28204,
    "index": 46
  },
  {
    "name": "Load extend/helper.js",
    "start": 1600749774936,
    "end": 1600749775064,
    "duration": 128,
    "pid": 28204,
    "index": 47
  },
  {
    "name": "Require(39) node_modules/egg-security/app/extend/helper.js",
    "start": 1600749774948,
    "end": 1600749775020,
    "duration": 72,
    "pid": 28204,
    "index": 48
  },
  {
    "name": "Require(40) node_modules/egg/app/extend/helper.js",
    "start": 1600749775039,
    "end": 1600749775039,
    "duration": 0,
    "pid": 28204,
    "index": 49
  },
  {
    "name": "Load app.js",
    "start": 1600749775064,
    "end": 1600749777035,
    "duration": 1971,
    "pid": 28204,
    "index": 50
  },
  {
    "name": "Require(41) node_modules/egg-session/app.js",
    "start": 1600749775065,
    "end": 1600749775066,
    "duration": 1,
    "pid": 28204,
    "index": 51
  },
  {
    "name": "Require(42) node_modules/egg-security/app.js",
    "start": 1600749775069,
    "end": 1600749775075,
    "duration": 6,
    "pid": 28204,
    "index": 52
  },
  {
    "name": "Require(43) node_modules/egg-onerror/app.js",
    "start": 1600749775078,
    "end": 1600749775120,
    "duration": 42,
    "pid": 28204,
    "index": 53
  },
  {
    "name": "Require(44) node_modules/egg-i18n/app.js",
    "start": 1600749775122,
    "end": 1600749775178,
    "duration": 56,
    "pid": 28204,
    "index": 54
  },
  {
    "name": "Require(45) node_modules/egg-watcher/app.js",
    "start": 1600749775180,
    "end": 1600749775194,
    "duration": 14,
    "pid": 28204,
    "index": 55
  },
  {
    "name": "Require(46) node_modules/egg-schedule/app.js",
    "start": 1600749775195,
    "end": 1600749775200,
    "duration": 5,
    "pid": 28204,
    "index": 56
  },
  {
    "name": "Require(47) node_modules/egg-multipart/app.js",
    "start": 1600749775202,
    "end": 1600749775203,
    "duration": 1,
    "pid": 28204,
    "index": 57
  },
  {
    "name": "Require(48) node_modules/egg-logrotator/app.js",
    "start": 1600749775205,
    "end": 1600749775207,
    "duration": 2,
    "pid": 28204,
    "index": 58
  },
  {
    "name": "Require(49) node_modules/egg-static/app.js",
    "start": 1600749775208,
    "end": 1600749775209,
    "duration": 1,
    "pid": 28204,
    "index": 59
  },
  {
    "name": "Require(50) node_modules/egg-cors/app.js",
    "start": 1600749775213,
    "end": 1600749775214,
    "duration": 1,
    "pid": 28204,
    "index": 60
  },
  {
    "name": "Require(51) node_modules/egg-sequelize/app.js",
    "start": 1600749775216,
    "end": 1600749775216,
    "duration": 0,
    "pid": 28204,
    "index": 61
  },
  {
    "name": "Require(52) node_modules/egg-valparams/app.js",
    "start": 1600749775218,
    "end": 1600749776324,
    "duration": 1106,
    "pid": 28204,
    "index": 62
  },
  {
    "name": "Require(53) node_modules/egg-jwt/app.js",
    "start": 1600749776325,
    "end": 1600749776326,
    "duration": 1,
    "pid": 28204,
    "index": 63
  },
  {
    "name": "Require(54) node_modules/egg-redis/app.js",
    "start": 1600749776328,
    "end": 1600749776332,
    "duration": 4,
    "pid": 28204,
    "index": 64
  },
  {
    "name": "Require(55) node_modules/egg-websocket-plugin/app.js",
    "start": 1600749776335,
    "end": 1600749776427,
    "duration": 92,
    "pid": 28204,
    "index": 65
  },
  {
    "name": "Require(56) node_modules/egg-oss/app.js",
    "start": 1600749776429,
    "end": 1600749777029,
    "duration": 600,
    "pid": 28204,
    "index": 66
  },
  {
    "name": "Require(57) app.js",
    "start": 1600749777034,
    "end": 1600749777035,
    "duration": 1,
    "pid": 28204,
    "index": 67
  },
  {
    "name": "Before Start in node_modules/egg-watcher/lib/init.js:15:14",
    "start": 1600749777086,
    "end": 1600749778625,
    "duration": 1539,
    "pid": 28204,
    "index": 68
  },
  {
    "name": "Load \"Symbol(model)\" to Application",
    "start": 1600749777550,
    "end": 1600749777641,
    "duration": 91,
    "pid": 28204,
    "index": 69
  },
  {
    "name": "Before Start in node_modules/egg-sequelize/lib/loader.js:39:7",
    "start": 1600749777678,
    "end": 1600749778650,
    "duration": 972,
    "pid": 28204,
    "index": 70
  },
  {
    "name": "Before Start in node_modules/egg-redis/lib/redis.js:53:7",
    "start": 1600749777881,
    "end": 1600749778576,
    "duration": 695,
    "pid": 28204,
    "index": 71
  },
  {
    "name": "Did Load in app.js:didLoad",
    "start": 1600749777890,
    "end": 1600749778542,
    "duration": 652,
    "pid": 28204,
    "index": 72
  },
  {
    "name": "Load Service",
    "start": 1600749777890,
    "end": 1600749777925,
    "duration": 35,
    "pid": 28204,
    "index": 73
  },
  {
    "name": "Load \"service\" to Context",
    "start": 1600749777891,
    "end": 1600749777925,
    "duration": 34,
    "pid": 28204,
    "index": 74
  },
  {
    "name": "Load Middleware",
    "start": 1600749777925,
    "end": 1600749778435,
    "duration": 510,
    "pid": 28204,
    "index": 75
  },
  {
    "name": "Load \"middlewares\" to Application",
    "start": 1600749777925,
    "end": 1600749778402,
    "duration": 477,
    "pid": 28204,
    "index": 76
  },
  {
    "name": "Load Controller",
    "start": 1600749778435,
    "end": 1600749778480,
    "duration": 45,
    "pid": 28204,
    "index": 77
  },
  {
    "name": "Load \"controller\" to Application",
    "start": 1600749778435,
    "end": 1600749778479,
    "duration": 44,
    "pid": 28204,
    "index": 78
  },
  {
    "name": "Load Router",
    "start": 1600749778480,
    "end": 1600749778491,
    "duration": 11,
    "pid": 28204,
    "index": 79
  },
  {
    "name": "Require(58) app/router.js",
    "start": 1600749778481,
    "end": 1600749778483,
    "duration": 2,
    "pid": 28204,
    "index": 80
  },
  {
    "name": "Before Start in node_modules/egg-core/lib/egg.js:303:10",
    "start": 1600749778484,
    "end": 1600749778542,
    "duration": 58,
    "pid": 28204,
    "index": 81
  },
  {
    "name": "Will Ready in app.js:willReady",
    "start": 1600749778651,
    "end": 1600749778651,
    "duration": 0,
    "pid": 28204,
    "index": 82
  }
]